OBSERVE_COST,Rate1,Rate1pct,Rate10pct,Selet_Value_high,Select_Value_low,Select_Value_aver
0.0001,0.029,0.08,0.154,22.905576723979102,-0.19990000000000002,2.0557807901125367
0.0011,0.219,0.578,0.607,18.45951943687554,-2.1978,6.94531143983342
0.0021,0.24,0.774,0.781,16.462769192734246,-4.166399999999999,7.839741482363314
0.0031,0.205,0.877,0.89,15.21690174213521,-6.128699999999999,8.198524581827604
0.0041,0.229,0.923,0.952,15.419930551845933,-8.1795,8.238554495735858
0.0051,0.204,0.919,0.969,15.483195085791602,-9.343200000000001,7.874220496134164
0.0061,0.205,0.918,0.978,16.982628189392315,-11.5595,7.663706586796096
0.0071,0.192,0.929,0.988,17.492093662488013,-11.267700000000001,7.452131932546456
0.0081,0.192,0.946,0.995,14.594170877657021,-8.363697929637809,7.39153299897471
0.0091,0.188,0.933,0.99,12.375284785142963,-10.355107878422572,6.9706076576347265
0.0101,0.198,0.927,0.992,14.327450136484446,-10.7464,6.765501700368007
0.0111,0.201,0.944,0.998,15.519547941304078,-1.8262853085729098,6.770047585647084
0.0121,0.212,0.946,1.0,16.376471070067268,-1.1431599043207452,6.547947447076776
0.0131,0.202,0.908,0.989,12.788599036679981,-4.042003694392859,6.207856365475618
0.0141,0.197,0.92,0.984,14.6709833834193,-4.189833743759957,6.098768392260775
0.0151,0.209,0.941,0.997,14.413433583923684,-8.869349487807552,6.073785054492701
0.0161,0.212,0.935,0.994,14.947630932425804,-5.713620325374928,5.97523451259068
0.0171,0.203,0.933,0.992,11.454943439862308,-7.277651204881007,5.868206719889715
0.0181,0.208,0.92,0.988,13.121815426631915,-9.378251466615144,5.587723911839898
0.0191,0.2,0.927,0.991,12.866811683838254,-9.275740625822136,5.580546753437599
0.0201,0.206,0.93,0.99,11.41206834125443,-8.456469503330805,5.479049212982888
0.0211,0.197,0.937,0.994,12.750116927731648,-5.879488616170658,5.471172298787313
0.0221,0.205,0.932,0.989,11.073311171164907,-8.09149363549393,5.251210905493133
0.0231,0.2,0.933,0.998,10.72868538714788,-4.817511526144944,5.230350583557903
0.0241,0.216,0.918,0.992,11.073106401850541,-7.5016437542003125,4.970588516469791
0.0251,0.215,0.932,0.995,13.32266122431371,-9.616008667959267,5.029249580639579
0.0261,0.193,0.938,0.996,11.565691977152365,-6.2635427123749485,4.974046548814085
0.0271,0.218,0.925,0.995,13.507302107469199,-9.613558621084222,4.911474252384959
0.0281,0.194,0.941,0.997,14.593882299176014,-5.4701370268693195,4.78798855393055
0.0291,0.203,0.929,0.997,11.375361425527242,-5.630683392893442,4.770651360620048
0.0301,0.22,0.943,0.998,13.596027452119984,-4.956561516548108,4.772036279319672
0.0311,0.197,0.946,0.997,11.915473816500846,-5.182303402851668,4.611573007060849
0.0321,0.212,0.929,0.992,10.175126438593226,-14.331654134041347,4.5273906031218125
0.0331,0.212,0.924,0.995,9.667344604777146,-10.5835771844705,4.408646656527455
0.0341,0.205,0.941,0.993,12.530067743366773,-11.572221355623547,4.4496007936557
0.0351,0.195,0.914,0.994,10.295296799458258,-10.423901386295817,4.274482981514741
0.0361,0.224,0.94,0.996,10.332205731497483,-12.30628491201049,4.32058488889183
0.0371,0.216,0.926,0.999,12.319461852809956,-6.840247266359841,4.33802649929822
0.0381,0.206,0.927,0.997,12.609984129106785,-5.038951086808669,4.221081912359505
0.0391,0.221,0.932,0.993,12.085795494063454,-11.167969838080491,4.100036596480684
0.0401,0.198,0.931,0.998,12.292351372877427,-7.055528572839256,4.0441531102447055
0.0411,0.222,0.938,0.997,11.298097942633023,-6.50074362198259,4.147728644687286
0.0421,0.231,0.938,0.997,11.013800543463693,-9.61832962516694,4.034930689042623
0.0431,0.201,0.939,0.999,11.264381317701874,-5.842617496773395,3.963570695715584
0.0441,0.211,0.937,0.999,11.7866685195494,-15.105084738064917,4.076275261966009
0.0451,0.184,0.917,0.997,13.781470032171866,-8.608507780544691,3.7532482417732047
0.0461,0.212,0.933,0.999,9.680968670494346,-7.654753025738513,3.9512464335124715
0.0471,0.206,0.928,0.995,10.51314478139843,-7.125127428665805,3.762350735633274
0.0481,0.217,0.951,1.0,9.923576851956259,-4.305491956859821,3.951507341675801
0.0491,0.237,0.916,0.997,14.882245408661781,-11.39068845088507,3.6549687016189547
0.0501,0.222,0.931,0.997,10.104612340464039,-9.32833210892462,3.7193758823454828
0.0511,0.238,0.925,0.999,18.297189765101308,-8.012104002580447,3.7099716023262226
0.0521,0.197,0.937,0.997,11.906826922028271,-10.13036093409686,3.667390447831596
0.0531,0.206,0.933,0.997,10.30672093519196,-13.168381862027307,3.4834438970552823
0.0541,0.23,0.926,0.999,10.850486029638471,-8.075787465837585,3.5831007023734625
0.0551,0.2,0.922,0.999,11.672426328355252,-6.569648397882919,3.372068363100611
0.0561,0.232,0.933,0.999,14.11438497161488,-7.038554115629902,3.5133859664917817
0.0571,0.192,0.934,0.999,11.398377339854353,-7.439947745619079,3.4447116867220315
0.0581,0.224,0.932,0.999,13.373014929424986,-6.300333498148689,3.486287502085398
0.0591,0.225,0.943,1.0,9.98110574328687,-7.006730007332104,3.3920943527776695
0.0601,0.222,0.927,1.0,10.268966850639293,-9.962827927381756,3.3006569051020125
0.0611,0.238,0.943,0.999,11.628079485591481,-7.668499188875035,3.361056635292812
0.0621,0.219,0.93,0.999,11.068201703684004,-10.755236038025018,3.2720217356936088
0.0631,0.224,0.929,1.0,8.640244140225798,-5.863200008954809,3.2514183300942023
0.0641,0.219,0.926,0.999,9.834336356257019,-6.776757520922627,3.2312156239353524
0.0651,0.219,0.915,1.0,8.612715963893868,-6.6353421968705355,3.161135523969728
0.0661,0.225,0.937,1.0,8.694250951033366,-5.705362055764525,3.201090447847594
0.0671,0.222,0.941,1.0,8.54426858550696,-5.886459884865022,3.139593130058988
0.0681,0.212,0.934,1.0,8.966917637797378,-7.5163948529611675,3.1486470249089975
0.0691,0.216,0.938,1.0,18.873584430638857,-6.140401627092911,3.122948818813174
0.0701,0.217,0.933,1.0,9.174674478813323,-9.058852387878916,2.983497890631471
0.0711,0.217,0.933,0.999,9.645097490990283,-12.007477484753744,3.1439975989640163
0.0721,0.218,0.938,1.0,9.638997064673523,-8.92566268459546,3.0691668673360555
0.0731,0.227,0.933,0.999,9.48322030915094,-12.864410648977515,3.05291659134506
0.0741,0.225,0.925,1.0,9.232081487428907,-7.1666111518424325,2.9387854153799573
0.0751,0.221,0.94,1.0,9.354474190984952,-10.311599701694579,2.994743154151396
0.0761,0.237,0.933,1.0,11.021983752670693,-9.193762617026323,2.9643823481821556
0.0771,0.206,0.932,1.0,9.054326955836855,-7.1238575038045955,2.9246403449046046
0.0781,0.195,0.944,1.0,12.219416618883264,-10.99992956338485,2.8543644987029726
0.0791,0.219,0.927,0.999,11.044341182196588,-15.269167388920904,2.878983519960949
0.0801,0.21,0.919,1.0,8.95224180248943,-7.0049629642207165,2.791860788015105
0.0811,0.233,0.94,1.0,9.671373406215935,-5.657600776565679,2.8443049002606156
0.0821,0.234,0.94,1.0,9.428518544978179,-4.470836964237048,2.8630469063667445
0.0831,0.218,0.937,1.0,16.00193494623747,-6.794123967714901,2.7346829064219262
0.0841,0.214,0.915,1.0,8.621950432679093,-7.590951206551695,2.5698329662486725
0.0851,0.245,0.928,0.999,9.528819243239884,-10.4345037157652,2.6308776365372304
0.0861,0.218,0.924,0.999,8.860687662794216,-13.149002562908578,2.5624639726179166
0.0871,0.211,0.931,1.0,10.774637106891328,-7.376250203538056,2.6700707762855544
0.0881,0.2,0.925,1.0,9.30431027200725,-10.653788435390227,2.5572937363334147
0.0891,0.225,0.925,1.0,9.783145492294286,-8.28136415780327,2.5780014850559154
0.0901,0.216,0.933,1.0,9.845136275120597,-6.091409628112685,2.5845164305593715
0.0911,0.216,0.931,1.0,9.45683529411379,-6.776928747272312,2.595063836996702
0.0921,0.233,0.948,1.0,11.684153233411944,-6.30368559777847,2.6396562089882156
0.0931,0.218,0.924,0.999,8.745835295064404,-10.569153688795378,2.4984966283776937
0.0941,0.21,0.938,1.0,10.382183100578368,-6.166338989166302,2.5391908209753504
0.0951,0.225,0.942,1.0,8.635353376720227,-8.829698444941169,2.519282899184449
0.0961,0.215,0.943,1.0,8.182504943869056,-6.113404938571904,2.5002389913333483
0.0971,0.225,0.938,1.0,10.017003652782249,-10.079737191417866,2.5221409339347938
0.0981,0.242,0.928,1.0,10.87073671932097,-6.905475641897503,2.484587525495563
0.0991,0.219,0.944,1.0,9.755532975908316,-5.8472019964947215,2.478413976300773
0.1001,0.216,0.941,1.0,9.990131804863415,-11.1810896977757,2.311439041497959
0.1011,0.226,0.934,1.0,8.495785597670302,-8.870739743508093,2.419466185196411
0.1021,0.23,0.928,1.0,8.569655638079919,-10.103290291517428,2.359395319354465
0.1031,0.215,0.935,1.0,8.383997776443302,-8.633223855753009,2.3809993699407928
0.1041,0.257,0.94,0.999,7.852224037016635,-12.338199793757035,2.3072495596088816
0.1051,0.233,0.927,1.0,8.004835850513658,-7.055035766584975,2.2497643524459425
0.1061,0.231,0.938,1.0,9.322110727908871,-6.386268497726123,2.3334419605242935
0.1071,0.23,0.929,1.0,7.705594554337136,-6.554961011978252,2.349510626382665
0.1081,0.238,0.934,1.0,9.038173897112253,-10.096543530800464,2.2871893789294866
0.1091,0.243,0.931,1.0,8.293869616838313,-8.711568091950086,2.2036083866710423
0.1101,0.224,0.939,1.0,12.741402512578636,-9.799608999743764,2.2443155415908667
0.1111,0.244,0.946,1.0,11.826783030197202,-7.606652205104911,2.3380761712067177
0.1121,0.236,0.933,1.0,10.270374314335251,-7.315447049094828,2.2174834596915356
0.1131,0.264,0.941,1.0,10.395502127929877,-7.566339486734874,2.291657898247431
0.1141,0.222,0.933,1.0,8.693883935854428,-8.774086955290445,2.0920259984569074
0.1151,0.226,0.938,1.0,8.14679052612642,-5.4079219799209355,2.2548049098562997
0.1161,0.238,0.921,1.0,8.355047604417397,-6.828874929239281,2.0372932768383314
0.1171,0.248,0.917,1.0,8.223616080153873,-9.787611677766682,2.044717318613106
0.1181,0.212,0.939,1.0,8.736420083430867,-8.856753798902202,2.1776099641219147
0.1191,0.221,0.927,1.0,8.568710508691753,-8.198390236054891,1.9732468786841408
0.1201,0.242,0.942,1.0,9.640199307811416,-6.480893351709314,2.1673194314288784
0.1211,0.236,0.935,1.0,8.532434412469081,-8.210022014659458,2.0972142807891574
0.1221,0.222,0.93,1.0,8.646034099286169,-8.207105169835543,2.013608102017247
0.1231,0.239,0.94,1.0,7.9589889490597505,-6.634889070781188,2.04652058923708
0.1241,0.199,0.935,1.0,9.066933008401802,-8.845947542538728,2.060287114078631
0.1251,0.23,0.95,1.0,9.50827579609171,-9.661053840623932,2.10257355269157
0.1261,0.241,0.94,1.0,7.122768949123147,-8.301052181890629,1.9930893333922368
0.1271,0.26,0.94,1.0,8.93816432298772,-7.049929105246932,2.049822949151083
0.1281,0.232,0.936,1.0,8.871089918401976,-7.555756976925395,1.9798256619539967
0.1291,0.222,0.929,1.0,10.316603632188684,-7.385974474791995,1.9187165872758316
0.1301,0.219,0.926,1.0,10.055593199234147,-7.43455679178008,1.9428005472204382
0.1311,0.221,0.927,1.0,9.286340296141642,-5.1413070403559225,1.8183337066098981
0.1321,0.222,0.947,1.0,9.766911420520927,-7.5011007438341,1.9323101151884605
0.1331,0.239,0.939,1.0,7.421270610502206,-8.863567333542722,1.8710176310892765
0.1341,0.235,0.937,1.0,9.871758527791549,-15.839008247277624,1.8960186796546703
0.1351,0.224,0.942,1.0,8.457414917517069,-7.182276681675168,1.8411087910918946
0.1361,0.242,0.951,1.0,8.648550444126336,-9.625860937741658,1.9278845029258291
0.1371,0.243,0.947,1.0,8.41125302410099,-6.652543006928029,1.8921337955561859
0.1381,0.25,0.937,1.0,7.534178309902551,-14.602076938800693,1.7541679716107357
0.1391,0.238,0.928,1.0,9.50576854109729,-8.022424826174003,1.7538218241842047
0.1401,0.25,0.938,1.0,9.968377857189951,-7.632791125035216,1.7898232788678443
0.1411,0.22,0.944,1.0,8.981232749451804,-7.383765672534741,1.8236901333057005
0.1421,0.243,0.932,1.0,8.964609094252552,-9.296505201924903,1.767013623670141
0.1431,0.225,0.928,1.0,11.72851836105774,-7.769840464485875,1.7325567838358236
0.1441,0.255,0.943,1.0,8.699966584660915,-10.482634062239672,1.7899817914762635
0.1451,0.243,0.934,1.0,9.468566148217132,-7.768277176905173,1.7826465962291669
0.1461,0.242,0.945,1.0,7.694064358841901,-11.521560984352401,1.7474608428412297
0.1471,0.239,0.948,1.0,7.832828003588325,-7.400990640013392,1.6966025383506211
0.1481,0.218,0.937,1.0,7.276723075523318,-9.20809275035345,1.6234593050493928
0.1491,0.235,0.935,1.0,7.965269593675193,-10.453282108487276,1.6750570772822593
0.1501,0.253,0.947,1.0,10.676735562854446,-7.749308903975397,1.7659354493463923
0.1511,0.249,0.954,1.0,7.628163844970421,-11.617851709136435,1.7842618022908368
0.1521,0.254,0.952,1.0,8.61181012492009,-6.902213031866414,1.7455234821904169
0.1531,0.23,0.932,1.0,7.15707355739339,-6.815022425599181,1.6395089607956572
0.1541,0.256,0.939,1.0,7.800855639446551,-7.542761980570754,1.603104284898574
0.1551,0.241,0.936,1.0,8.305463926678216,-6.65296638547074,1.5354613648174549
0.1561,0.24,0.942,1.0,7.57902522614498,-5.725188092225023,1.592427052928553
0.1571,0.278,0.947,1.0,7.2455082427317405,-6.344503606578808,1.7312768495247461
0.1581,0.244,0.954,1.0,9.874370602833002,-5.862507555781376,1.7309748026612284
0.1591,0.236,0.935,1.0,9.517228789958867,-6.585007909430207,1.5566167019147807
0.1601,0.245,0.951,1.0,10.236408203063128,-7.127182896051089,1.6444900310187838
0.1611,0.231,0.946,1.0,9.780334970509253,-8.271985942661466,1.5830384470511754
0.1621,0.253,0.952,1.0,7.36802318352071,-9.926807107563132,1.573657411752702
0.1631,0.237,0.941,1.0,8.956897003482222,-11.027306125870114,1.5211473035454546
0.1641,0.251,0.949,1.0,10.789192944785185,-8.96737988812647,1.6104874405938203
0.1651,0.226,0.927,1.0,8.162848385126,-9.421291445071638,1.435691694372036
0.1661,0.223,0.947,1.0,7.452251587267394,-8.07989273849587,1.499581482601051
0.1671,0.251,0.94,1.0,11.214909244721893,-8.967509453643775,1.505138998995013
0.1681,0.266,0.957,1.0,7.9107423553555245,-7.485545527407927,1.5114298561639763
0.1691,0.256,0.937,1.0,8.354581184370353,-10.076010690476135,1.483402070690484
0.1701,0.267,0.953,1.0,8.024946162017017,-9.063643952476124,1.534181763947845
0.1711,0.246,0.936,1.0,8.774594359242359,-12.69609513520831,1.4376765311856194
0.1721,0.233,0.939,1.0,7.818676712498987,-9.330095759753553,1.3753868262287834
0.1731,0.261,0.946,1.0,7.261632708878765,-7.895439432911093,1.471936951419765
0.1741,0.257,0.941,1.0,6.6851668642361695,-6.915700841447613,1.3892061276304362
0.1751,0.235,0.942,1.0,8.73549328222682,-8.344336343549564,1.4604022250995659
0.1761,0.258,0.945,1.0,7.099603418135352,-6.277565498026006,1.4499553301762853
0.1771,0.245,0.939,1.0,8.470865836266183,-12.210564653755654,1.257245521740124
0.1781,0.228,0.945,1.0,9.24912350080742,-9.835031360045894,1.3684765154387117
0.1791,0.243,0.954,1.0,8.467391517946409,-6.225413862110399,1.4223388275896631
0.1801,0.218,0.944,1.0,9.026295253372435,-6.570401809634388,1.2443061898478183
0.1811,0.253,0.955,1.0,8.528554979168378,-5.918798345613049,1.4945450496264578
0.1821,0.25,0.954,1.0,8.220678890721912,-10.807132600565387,1.3336721137517729
0.1831,0.244,0.948,1.0,8.01159503295304,-6.518876449627982,1.3160843620828795
0.1841,0.249,0.945,1.0,10.00046513876353,-7.965190406370224,1.3981892460837984
0.1851,0.264,0.953,1.0,7.083602848044228,-7.663002262694979,1.393495426932367
0.1861,0.269,0.947,1.0,7.5281612384879635,-6.951725388686696,1.3423658754906118
0.1871,0.272,0.95,1.0,7.654715982179114,-6.369020306204631,1.3230133908778123
0.1881,0.245,0.947,1.0,7.319889119873514,-9.245191150268283,1.3022888620933977
0.1891,0.241,0.96,1.0,8.051763565435062,-9.079386916251826,1.3408181447095777
0.1901,0.259,0.956,1.0,7.083835273817573,-8.702436284089861,1.3366045845037524
0.1911,0.261,0.957,1.0,6.833671892644096,-6.359446069859875,1.3403988667697897
0.1921,0.263,0.961,1.0,8.178411784655772,-7.115158205608992,1.2951624123827583
0.1931,0.268,0.954,1.0,7.737054891621207,-7.041896270503469,1.2949233746000042
0.1941,0.261,0.959,1.0,7.9028641782899225,-6.605530064751484,1.2641078544034858
0.1951,0.243,0.96,1.0,8.21934787439652,-5.561931189835311,1.2960872296491082
0.1961,0.253,0.961,1.0,8.35046460808738,-5.169221744129237,1.321708521473282
0.1971,0.249,0.953,1.0,6.206469592141471,-8.416339924318098,1.2644714875658343
0.1981,0.259,0.958,1.0,6.528803110897828,-6.602494824005816,1.2327979353736351
0.1991,0.27,0.95,1.0,8.445120906624155,-6.722236053886684,1.1400028536113977
0.2001,0.268,0.954,1.0,8.539974673126226,-9.612965362141418,1.2166176409157048
0.2011,0.28,0.957,1.0,7.703620055144101,-11.549965067573252,1.1903460019438168
0.2021,0.217,0.96,1.0,7.512572957575153,-6.5362215299483255,1.1507041690915765
0.2031,0.271,0.956,1.0,9.826161201138124,-6.402376854549477,1.2081497017900782
0.2041,0.27,0.949,1.0,7.6143248454117805,-8.278335838859443,1.1687487450125256
0.2051,0.287,0.966,1.0,9.464627597527919,-7.416828552012865,1.2741479396055813
0.2061,0.244,0.952,1.0,6.8392113142365805,-10.512754436519476,1.1070379111226292
0.2071,0.241,0.953,1.0,7.864775265066346,-6.4091428408175934,1.1185929543211413
0.2081,0.262,0.958,1.0,6.592947462163027,-8.679647537034969,1.1259891627153675
0.2091,0.258,0.954,1.0,8.522509713743998,-5.9714788199843944,1.188261363127872
0.2101,0.267,0.959,1.0,7.999107901672318,-7.2382335085868,1.1597905566409594
0.2111,0.228,0.954,1.0,7.040189938161731,-9.393333202094464,1.0569556855902242
0.2121,0.28,0.95,1.0,8.451442688195012,-8.26149624545322,1.0589195240985219
0.2131,0.275,0.949,1.0,7.744286782084885,-8.338739411485857,1.0898474229858042
0.2141,0.254,0.946,1.0,7.460281797302577,-7.74480442876609,1.0538736198446048
0.2151,0.266,0.955,1.0,7.3942741277659865,-8.406244607173033,1.0907136932597727
0.2161,0.269,0.962,1.0,8.651598021887862,-6.0945324416093225,1.135885190386332
0.2171,0.241,0.948,1.0,7.470642364663462,-8.701816333231038,1.0632816681849515
0.2181,0.264,0.961,1.0,7.668885491707633,-7.747899309232608,1.105964200308403
0.2191,0.252,0.952,1.0,7.133160680593664,-10.95114340495096,1.0345771770213412
0.2201,0.283,0.963,1.0,8.36209281084397,-8.205738738738544,1.096540551690587
0.2211,0.252,0.963,1.0,8.062064837592498,-7.203552208290402,1.0677315069368563
0.2221,0.263,0.959,1.0,10.416939320155896,-6.635100808438688,1.0193120171096297
0.2231,0.257,0.958,1.0,6.6262700717268315,-8.360040773494358,1.0564710695006732
0.2241,0.225,0.959,1.0,6.041832501602162,-7.254609632860664,1.0318340499522138
0.2251,0.245,0.961,1.0,7.770138326537123,-12.120956531693228,1.0848799805872575
0.2261,0.237,0.964,1.0,8.055635665231645,-7.858214888684957,1.0384884361060915
0.2271,0.248,0.962,1.0,6.306525794506879,-5.815979595697861,1.063310615185043
0.2281,0.247,0.969,1.0,8.166189808184244,-8.41138007268782,1.0521611173391752
0.2291,0.254,0.965,1.0,7.984850760865755,-6.816804457615955,1.0896861534970674
0.2301,0.263,0.957,1.0,7.108337125312068,-8.204755126402727,1.0552270836066617
0.2311,0.284,0.96,1.0,6.864815813086548,-7.030553941156015,1.0343395776794806
0.2321,0.271,0.964,1.0,5.727028042917875,-9.853030943007218,0.9749893286194631
0.2331,0.262,0.964,1.0,12.538490191224067,-9.120362813782185,1.0201917862256233
0.2341,0.264,0.959,1.0,6.993384272108611,-8.781620756849154,1.004669585724686
0.2351,0.276,0.974,1.0,6.7521379528466925,-8.040944222498652,0.95791868913789
0.2361,0.274,0.967,1.0,7.973145638054158,-6.493160487230931,1.038533948735137
0.2371,0.293,0.972,1.0,7.735250280659004,-9.274708049064582,1.0114354853508316
0.2381,0.26,0.972,1.0,7.276852318443407,-10.086339425606107,0.9405477655108803
0.2391,0.28,0.964,1.0,6.781950962527025,-6.513011207382962,0.9628336795376694
0.2401,0.251,0.961,1.0,8.259723297078837,-10.04449422949561,0.8579748222240725
0.2411,0.264,0.97,1.0,7.262638402612051,-8.681117942739139,0.930540327098342
0.2421,0.283,0.979,1.0,10.54867539818746,-8.492296006102324,0.9996634741188113
0.2431,0.245,0.969,1.0,6.216392219602914,-7.6417170453341505,0.9121764838946784
0.2441,0.257,0.972,1.0,8.152647730536367,-6.539797743315653,0.9530604096073224
0.2451,0.26,0.976,1.0,8.59382899145851,-6.181477283945696,1.0802446847667713
0.2461,0.239,0.958,1.0,10.201611857887576,-6.434021430739819,0.9009446683370971
0.2471,0.266,0.976,1.0,10.610959939717747,-8.10788383679264,0.9889240227679956
0.2481,0.287,0.971,1.0,8.846554523159972,-9.899425881043374,0.8854687678511499
0.2491,0.237,0.966,1.0,6.83718727925397,-11.883949553749448,0.8970263547518427
0.2501,0.257,0.963,1.0,6.619393533517208,-7.831964850537881,0.836904329536086
0.2511,0.252,0.968,1.0,7.1256630521324364,-8.601272748445943,0.8786155993233448
0.2521,0.276,0.972,1.0,8.57199651173132,-11.294357531271631,0.9086805946636886
0.2531,0.267,0.976,1.0,6.095510184928924,-7.086285130657897,0.871571173022134
0.2541,0.268,0.965,1.0,7.309509309629681,-7.728903112268512,0.8153894196642715
0.2551,0.277,0.971,1.0,5.716157040644683,-6.384789489078836,0.8780703448761371
0.2561,0.257,0.974,1.0,7.023684139345239,-7.266875454368552,0.8324347421447805
0.2571,0.255,0.959,1.0,7.40189551551228,-6.251816872859841,0.8041390664166389
0.2581,0.261,0.98,1.0,6.201198935077121,-9.981013596987017,0.8382452689486547
0.2591,0.264,0.975,1.0,7.320997937481288,-6.930410870085641,0.7934861396558434
0.2601,0.26,0.962,1.0,7.576684744011217,-6.801318631830613,0.8150958926452623
0.2611,0.254,0.973,1.0,6.229869130503199,-7.675465991055645,0.7307957802951213
0.2621,0.26,0.972,1.0,6.406459358017843,-6.674761258297209,0.7591388233533253
0.2631,0.288,0.972,1.0,6.714034968502312,-6.613725066528135,0.7602765462877157
0.2641,0.252,0.973,1.0,8.65561155079011,-7.859023130272567,0.7594005655604645
0.2651,0.274,0.976,1.0,6.811829345948324,-7.783467181285104,0.8232136188430728
0.2661,0.244,0.967,1.0,9.16827844780519,-8.386714830115078,0.81901948206757
0.2671,0.279,0.984,1.0,6.541374444518513,-6.937244144880835,0.8493091407557026
0.2681,0.258,0.969,1.0,6.021639809887478,-6.3312420566186045,0.6974489990311971
0.2691,0.261,0.98,1.0,7.408902353652531,-8.340575656079654,0.7970539424130457
0.2701,0.269,0.984,1.0,11.238263706307519,-5.92904426792826,0.8117835182088781
0.2711,0.245,0.969,1.0,9.185850211783862,-7.630048417183907,0.6606852267647223
0.2721,0.286,0.975,1.0,9.1527654729201,-6.060413997132725,0.8378143771295474
0.2731,0.281,0.98,1.0,7.121227338337791,-4.62843105495965,0.8115195815232731
0.2741,0.278,0.969,1.0,6.31176840772989,-7.753234109166154,0.7568385059096514
0.2751,0.261,0.978,1.0,7.864922986006352,-8.301821920348337,0.7391853889225038
0.2761,0.257,0.975,1.0,6.847176932947907,-9.313919130040425,0.6468886412845037
0.2771,0.289,0.973,1.0,5.802957913572847,-5.961146597491168,0.7601377502094322
0.2781,0.265,0.974,1.0,8.959567312687359,-8.924031088512113,0.7665122569432143
0.2791,0.274,0.984,1.0,6.5738081978995115,-6.985097893594862,0.7666012293102624
0.2801,0.256,0.977,1.0,7.51858775714548,-6.483094722492988,0.7100841004674796
0.2811,0.26,0.977,1.0,7.787994494109316,-7.514207860850123,0.7263982886968198
0.2821,0.286,0.985,1.0,6.7467423482854425,-7.401466854995463,0.7536278891238926
0.2831,0.302,0.981,1.0,8.870594498589865,-9.3216797388109,0.7428610090006645
0.2841,0.261,0.98,1.0,6.5748235013703535,-7.2450226346352,0.6490654333951302
0.2851,0.271,0.976,1.0,8.88226124058268,-6.52021979760582,0.6918241754106732
0.2861,0.269,0.984,1.0,6.23793222840494,-9.75473375504824,0.6372804316888581
0.2871,0.266,0.985,1.0,7.166495759654433,-4.517777106229512,0.7047399380569854
0.2881,0.278,0.971,1.0,7.619111646344681,-8.977057083468814,0.7314792044289244
0.2891,0.281,0.984,1.0,9.35692390216356,-7.16107297101322,0.663605163074972
0.2901,0.279,0.974,1.0,7.790176999926885,-9.771840405608193,0.636259185187894
0.2911,0.275,0.969,1.0,8.558974780265036,-6.258295679243886,0.631632606598394
0.2921,0.274,0.981,1.0,7.0856622145926345,-6.994099820547435,0.6702719897722393
0.2931,0.268,0.981,1.0,9.889425711399957,-7.5067584450680025,0.6665169569582045
0.2941,0.29,0.979,1.0,8.646591270490656,-6.862365896672953,0.6768781290667059
0.2951,0.291,0.987,1.0,8.588700764659682,-5.795510849946748,0.7408789984638167
0.2961,0.285,0.977,1.0,8.671272885452671,-7.759824834258073,0.6880778412740348
0.2971,0.273,0.986,1.0,7.7350161110300855,-6.3747651342837175,0.6290935150198284
0.2981,0.284,0.974,1.0,6.802882910057996,-7.726140122721312,0.638498786697291
0.2991,0.305,0.988,1.0,6.8956380079762045,-6.482019422981281,0.726010361738836
0.3001,0.289,0.982,1.0,7.3316195481941016,-6.593199867251237,0.6741725922455457
0.3011,0.292,0.98,1.0,5.70081923541922,-9.273023853016207,0.5998291217478954
0.3021,0.265,0.976,1.0,6.848182028220497,-6.871401934743941,0.5984475633695341
0.3031,0.267,0.983,1.0,7.377479705402203,-5.760671385112856,0.6491945552249504
0.3041,0.298,0.991,1.0,7.846340092656709,-5.118492191455741,0.6232218957261182
0.3051,0.28,0.988,1.0,6.418617572040679,-7.5754264193585215,0.5488134452803727
0.3061,0.257,0.982,1.0,7.497570853707318,-7.371850495621766,0.5039480335450633
0.3071,0.294,0.986,1.0,7.591972186083127,-6.548283316074845,0.6228729774304363
0.3081,0.277,0.983,1.0,13.411326290240304,-5.656018572624006,0.6357996391506091
0.3091,0.277,0.978,1.0,5.756175849680611,-5.74444330224097,0.5334241009289903
0.3101,0.281,0.98,1.0,8.065888626773372,-6.680183936533201,0.5044469234107255
0.3111,0.272,0.983,1.0,7.561497328016367,-4.9833018503214594,0.5460071620197338
0.3121,0.262,0.982,1.0,7.764739822835804,-6.207356651280573,0.5395328482886587
0.3131,0.272,0.982,1.0,7.39984305460729,-6.193945460275906,0.5277565587679351
0.3141,0.273,0.984,1.0,6.746588512743547,-8.3487243779195,0.5142647053488095
0.3151,0.272,0.979,1.0,8.07256585838904,-8.513692001047712,0.5068113782740518
0.3161,0.298,0.979,1.0,6.054233828759212,-8.209564726055442,0.5127334379807
0.3171,0.276,0.99,1.0,9.739096377793075,-4.920419673608039,0.596746794699663
0.3181,0.283,0.983,1.0,6.346371402020648,-6.445454503266679,0.5346371650788854
0.3191,0.257,0.979,1.0,6.290331263250941,-5.401419252312409,0.5859723317482565
0.3201,0.299,0.98,1.0,6.151341420529916,-8.14913532157496,0.5076743133611782
0.3211,0.286,0.985,1.0,5.647354645881698,-7.427371129180214,0.4762571821530482
0.3221,0.303,0.983,1.0,7.2913565742045225,-7.782074451712016,0.5401786893616618
0.3231,0.294,0.986,1.0,8.846787700685777,-8.95489650936102,0.5857324805691136
0.3241,0.281,0.986,1.0,8.82066426324376,-5.299177796362012,0.5738246573592035
0.3251,0.277,0.983,1.0,8.739416158223763,-8.354233552293074,0.49395443079023943
0.3261,0.301,0.977,1.0,10.549827851817597,-7.317374055635412,0.45609025144862386
0.3271,0.282,0.985,1.0,9.041189457172315,-4.804797070002982,0.6362860002522525
0.3281,0.297,0.987,1.0,7.236425823643667,-7.432264644420331,0.483787974161862
0.3291,0.259,0.988,1.0,6.397029626477846,-6.043355537825489,0.38448378709282105
0.3301,0.276,0.981,1.0,6.752872058886673,-4.822822844491657,0.49800388426202324
0.3311,0.294,0.99,1.0,8.598995116591025,-5.9992474820356865,0.48024822649939364
0.3321,0.274,0.979,1.0,6.787652656468876,-7.100588169982463,0.34350589239615026
0.3331,0.296,0.981,1.0,6.857140924320575,-6.412593225311822,0.45647152595255497
0.3341,0.277,0.992,1.0,8.504638489993033,-5.34700199009618,0.49202708835972714
0.3351,0.27,0.992,1.0,6.035752635763609,-5.374585393925282,0.4742754444059501
0.3361,0.287,0.99,1.0,5.757438951617936,-6.171875581004478,0.4545233372101925
0.3371,0.255,0.99,1.0,6.710111506286019,-8.512084518184675,0.40101899599386226
0.3381,0.283,0.987,1.0,9.546624571996292,-5.530326421472892,0.4809984925422633
0.3391,0.256,0.982,1.0,5.353598975770168,-7.583185966775005,0.4027080845823939
0.3401,0.281,0.982,1.0,7.809390925981323,-7.661563453991957,0.4888625176862097
0.3411,0.276,0.985,1.0,7.171952745491013,-5.973721310390412,0.4845850038618304
0.3421,0.268,0.987,1.0,8.516512095516829,-5.6388423938531105,0.42883383279214626
0.3431,0.287,0.983,1.0,7.163817159904981,-5.722623884620152,0.48966747171082736
0.3441,0.294,0.989,1.0,9.97578567234187,-6.5598715648587875,0.38686794022127097
0.3451,0.292,0.985,1.0,7.446515259901606,-6.001998011763195,0.5026468696849686
0.3461,0.301,0.991,1.0,7.0851705871176875,-8.834137521168431,0.4558320714362449
0.3471,0.286,0.988,1.0,8.384058002195554,-4.919453959784095,0.44068762876634415
0.3481,0.298,0.983,1.0,9.495342460643643,-6.42749522011268,0.4558891922453109
0.3491,0.292,0.989,1.0,6.865743528913536,-7.824321555683848,0.5184515189449913
0.3501,0.306,0.981,1.0,6.883099081505055,-8.770577748780134,0.39904745601986413
0.3511,0.306,0.99,1.0,8.347667348546503,-4.799805784635289,0.4413919847308861
0.3521,0.299,0.993,1.0,5.567411866272978,-6.537377781329084,0.43793239405296736
0.3531,0.287,0.983,1.0,6.826706212453018,-8.13905881137473,0.35734822175681497
0.3541,0.283,0.995,1.0,5.833587013167461,-5.643576924835486,0.42730165050062496
0.3551,0.274,0.99,1.0,5.873564468005407,-6.751950231969234,0.42108959059477763
0.3561,0.317,0.991,1.0,7.099440918444147,-7.7348641328316825,0.3891131835994058
0.3571,0.309,0.989,1.0,8.01527920549141,-8.528586994659527,0.45935462109647907
0.3581,0.294,0.99,1.0,6.983742381644091,-6.052664885655704,0.4589222368400999
0.3591,0.289,0.985,1.0,9.626512894435454,-10.534749163911476,0.33166930498126057
0.3601,0.294,0.988,1.0,6.591801626250797,-6.553619007982563,0.41350767820421874
0.3611,0.293,0.992,1.0,10.656565165744002,-6.346183365188678,0.42123535200270157
0.3621,0.279,0.992,1.0,9.137879845124145,-6.542707045897323,0.33611741863472716
0.3631,0.289,0.994,1.0,5.724701990910008,-8.207159832465043,0.40530151797035446
0.3641,0.301,0.994,1.0,6.999631030590285,-8.064609683555446,0.4440403430236492
0.3651,0.26,0.993,1.0,6.139195389914369,-7.415569199586279,0.27780290167183325
0.3661,0.3,0.991,1.0,7.242218136498647,-9.444027235234909,0.4142512916685917
0.3671,0.301,0.989,1.0,5.802237891295425,-6.429846517438501,0.30299585404340135
0.3681,0.294,0.993,1.0,8.966231169560821,-6.320066253596986,0.36570781979117933
0.3691,0.287,0.989,1.0,7.52704953911033,-6.89844618976489,0.3721708548055325
0.3701,0.27,0.99,1.0,5.997931430371494,-10.70942842425907,0.2672961110751205
0.3711,0.295,0.992,1.0,6.206549565507794,-6.57925549781469,0.3283813181888946
0.3721,0.286,0.989,1.0,7.5456807968108475,-7.152493617047327,0.3336624231312375
0.3731,0.282,0.993,1.0,6.611818292741573,-7.4255709675692945,0.2993813965122528
0.3741,0.276,0.992,1.0,9.804914877241957,-7.564598900121369,0.27347898894959843
0.3751,0.283,0.986,1.0,6.311947044474737,-7.2579109590788695,0.2893574643752509
0.3761,0.309,0.993,1.0,7.629659159137709,-7.3274375612590195,0.38251049927743525
0.3771,0.291,0.992,1.0,7.258389481407619,-8.739503981723294,0.3404958644320124
0.3781,0.281,0.991,1.0,5.1733579771727625,-6.75716018723644,0.30653493497607115
0.3791,0.287,0.993,1.0,5.42610232668328,-6.200876464458058,0.37131353854930504
0.3801,0.291,0.991,1.0,6.532538595029364,-7.723733837212951,0.336309616761358
0.3811,0.301,0.988,1.0,7.479222193921785,-6.975575123273136,0.26808485032552354
0.3821,0.319,0.99,1.0,5.529168962201853,-5.9393273825523805,0.27368377715591724
0.3831,0.303,0.997,1.0,7.835125122870022,-4.595677166698656,0.3680152243160154
0.3841,0.296,0.996,1.0,6.891205689890659,-5.891876841215601,0.2749812472208448
0.3851,0.3,0.993,1.0,7.453386592100392,-5.432211482791021,0.30118385208743315
0.3861,0.313,0.991,1.0,7.166226674970392,-9.011989770128158,0.310673988052659
0.3871,0.312,0.993,1.0,6.2696592394102675,-7.381107709095817,0.24590002446122575
0.3881,0.293,0.994,1.0,7.621951619328715,-6.6614479966013995,0.20644621175814104
0.3891,0.306,0.993,1.0,6.585414042182419,-6.4550957225984575,0.2571342938754502
0.3901,0.313,0.996,1.0,8.58675963623404,-9.2026751451006,0.3237294217363172
0.3911,0.307,0.993,1.0,4.89619064878179,-5.948311465646467,0.31134776514782175
0.3921,0.305,0.993,1.0,9.333697893311149,-6.180622711349454,0.2911095537144301
0.3931,0.322,0.993,1.0,6.892429652846534,-5.995946020720355,0.3846797877729217
0.3941,0.28,0.995,1.0,6.0563352027721535,-5.366793614727676,0.2685697925551615
0.3951,0.301,0.993,1.0,6.989991869006957,-6.62918218678156,0.23991986323748699
0.3961,0.311,0.995,1.0,7.747139820566117,-6.639188448033449,0.30428462478278234
0.3971,0.274,0.994,1.0,7.607070224735434,-5.027514006921039,0.23337875705188987
0.3981,0.299,0.992,1.0,8.255450794310539,-6.913537795438412,0.24212523797783883
0.3991,0.319,0.99,1.0,5.720874597766632,-9.09589469036541,0.23049275104238387
0.4001,0.318,0.992,1.0,5.759612585369987,-6.207466676918669,0.31797250455626547
0.4011,0.31,0.996,1.0,7.986700276907229,-7.033604496040152,0.26359765760966164
0.4021,0.29,0.996,1.0,8.087398735798265,-4.555577957043134,0.24501095368094888
0.4031,0.295,0.998,1.0,6.851590572809017,-4.422178864794081,0.24100561942302298
0.4041,0.306,0.996,1.0,6.0697604295335665,-7.236678041099537,0.22250790040875004
0.4051,0.287,0.996,1.0,6.784854854189886,-4.482348615147638,0.16567910374417125
0.4061,0.317,0.997,1.0,6.530696083835587,-4.645707672295474,0.27481026126006514
0.4071,0.316,0.995,1.0,9.572829248582472,-6.881822688542953,0.2205877409922781
0.4081,0.31,0.996,1.0,6.94827940095947,-6.2778319029520775,0.1637332748201546
0.4091,0.31,0.995,1.0,9.103103544639254,-11.718129062137383,0.19582909798115258
0.4101,0.299,0.997,1.0,7.636567583242911,-5.556047616098718,0.20750906591649235
0.4111,0.299,0.993,1.0,9.608316395313242,-6.975827972032732,0.23531967704798226
0.4121,0.328,0.996,1.0,6.560521507486412,-5.4429966647091295,0.24746160977501291
0.4131,0.295,0.992,1.0,5.8553733736244125,-8.390354709579434,0.0413647937262175
0.4141,0.301,0.993,1.0,10.814806632269592,-8.913839093376527,0.20955077570794142
0.4151,0.335,0.995,1.0,5.74281665757076,-6.003455320665172,0.09320204870931845
0.4161,0.294,0.999,1.0,5.8002089041240446,-5.76170361719433,0.22560450518040492
0.4171,0.319,0.996,1.0,6.244012759257011,-7.721162667777254,0.22960490124998767
0.4181,0.315,0.997,1.0,6.02519915895346,-8.016178641794184,0.17050392766433065
0.4191,0.306,0.997,1.0,9.811887565506435,-5.322448511691296,0.16910157503449005
0.4201,0.299,0.999,1.0,6.915212742211981,-5.911099481404239,0.2545700933100996
0.4211,0.319,0.995,1.0,7.524630616007424,-5.9276130982058435,0.23968706405145637
0.4221,0.316,0.995,1.0,7.950192695626554,-8.037467629465677,0.1837804944243791
0.4231,0.323,0.995,1.0,6.083613896454302,-5.618030798407968,0.15492812776050624
0.4241,0.278,0.995,1.0,5.9490861604655905,-7.116372079209596,0.1300790288220914
0.4251,0.312,0.996,1.0,7.016456519918612,-7.700134045898121,0.1243064254018643
0.4261,0.302,0.998,1.0,5.537659373182233,-5.728518012794249,0.1799958118594876
0.4271,0.304,0.998,1.0,5.713325080119192,-3.714119985550684,0.18247905682153687
0.4281,0.282,0.996,1.0,7.506774388984498,-6.082849705524651,0.060579266506339435
0.4291,0.291,0.997,1.0,4.960333536114589,-7.638280045229686,0.13191763253421424
0.4301,0.32,0.995,1.0,7.662102457751398,-5.177401001105327,0.22401572630696107
0.4311,0.285,0.997,1.0,8.361564969591866,-4.660565550888546,0.20202932978648389
0.4321,0.3,0.998,1.0,7.259272910891788,-6.6039408212859705,0.18615603919036403
0.4331,0.322,0.995,1.0,7.041603939131401,-5.2992512016243705,0.2012714155696243
0.4341,0.299,0.999,1.0,6.601332501279818,-5.106627697785054,0.22022190713100728
0.4351,0.309,0.998,1.0,5.903104979624664,-5.165887741476584,0.13197280433564276
0.4361,0.305,0.994,1.0,5.302239254752345,-6.907188232823449,0.06882215242947776
0.4371,0.31,0.998,1.0,7.578375734604634,-4.339202408823341,0.19170812089070655
0.4381,0.308,0.995,1.0,5.178439032691609,-5.506387547092997,0.09863074772634589
0.4391,0.274,0.995,1.0,7.801522748964606,-5.725948058551739,0.12024864987286388
0.4401,0.313,0.997,1.0,5.5690990311395705,-8.94280566526859,0.17314927626439602
0.4411,0.319,0.999,1.0,5.174855320882308,-5.575153579777652,0.1346721644866647
0.4421,0.333,0.997,1.0,4.806943136818755,-5.554914442192498,0.1228545539289415
0.4431,0.29,0.997,1.0,6.2526683646110275,-7.816568040930474,0.07431368971674648
0.4441,0.314,0.995,1.0,8.549974383734664,-5.4742037221212945,0.1053773972767795
0.4451,0.329,0.998,1.0,6.188538335645952,-5.047303321221552,0.1362635266257577
0.4461,0.311,0.997,1.0,5.746030586768506,-5.591568991956906,0.14079401626547117
0.4471,0.298,0.997,1.0,8.79286426604865,-4.281918982010281,0.11651162955223746
0.4481,0.313,0.993,1.0,6.72301354704507,-5.455817946448515,0.14519562033715433
0.4491,0.331,0.995,1.0,7.8954039037374155,-6.0611577650816315,0.14780347993302478
0.4501,0.343,1.0,1.0,6.313734733903546,-4.273769565398163,0.17693421399766462
0.4511,0.307,0.999,1.0,6.415027036153334,-5.198582214038045,0.129829652718961
0.4521,0.299,0.997,1.0,6.38319085588501,-4.805077938230222,0.11491684429104607
0.4531,0.312,0.994,1.0,6.185092151177565,-13.34543734699501,0.058033122601825804
0.4541,0.31,1.0,1.0,5.9030938281513174,-5.098986409216855,0.10159696194597122
0.4551,0.312,0.998,1.0,5.327122991249764,-5.2327625122640775,0.12151010326737703
0.4561,0.29,0.999,1.0,6.7323004083161475,-4.680331206726531,0.08252295243301737
0.4571,0.319,0.999,1.0,7.965226048939268,-5.884376047865371,0.15977670063259355
0.4581,0.317,1.0,1.0,5.199098602978511,-4.375240899381991,0.17916971905416662
0.4591,0.306,0.996,1.0,7.689297430117354,-4.67255913327123,0.09467249778199056
0.4601,0.315,0.997,1.0,6.873709821381606,-5.691861048904561,0.13880853246607566
0.4611,0.314,1.0,1.0,7.897702286745584,-3.987862305053926,0.11508521991266532
0.4621,0.293,0.999,1.0,6.633644086590924,-6.426500908486225,0.0401619766182702
0.4631,0.295,0.997,1.0,6.902223417575059,-4.937668256793554,0.016975736919388206
0.4641,0.305,0.999,1.0,6.397679410282939,-4.7107258562759196,0.08863398542308332
0.4651,0.29,0.996,1.0,9.191573338309926,-4.89896832960126,0.04390249354183908
0.4661,0.294,0.999,1.0,10.271506144275921,-4.676962163841521,0.11905565670162088
0.4671,0.316,0.998,1.0,5.326143289271728,-5.197507414458334,0.05215410742775448
0.4681,0.323,0.999,1.0,8.25443951662091,-4.909100936093301,0.059177277628065475
0.4691,0.31,0.996,1.0,6.719352290962536,-7.661667381849408,0.04595387467321226
0.4701,0.318,0.997,1.0,9.198198307120093,-5.295791857578219,0.06395166484222094
0.4711,0.321,0.997,1.0,11.093856351236676,-5.695514270741318,0.03291083119972855
0.4721,0.328,0.998,1.0,5.712266959482369,-4.900294689604158,0.10962427872303548
0.4731,0.311,0.997,1.0,6.520474422205863,-4.028815676018271,0.044354639882404706
0.4741,0.336,0.998,1.0,5.663314873845853,-5.841136212086144,0.05541940356155592
0.4751,0.34,0.998,1.0,8.606038496501077,-4.352754904567305,0.056846532332231074
0.4761,0.337,1.0,1.0,6.84069170802147,-4.784256264429739,0.038261914989572716
0.4771,0.316,0.999,1.0,4.457791294316328,-4.351103173456502,0.09676815250758758
0.4781,0.306,0.998,1.0,7.577041509605492,-5.047909573355325,0.08065234857886895
0.4791,0.32,1.0,1.0,11.282606642669796,-5.866727401206292,0.13864741049503457
0.4801,0.327,1.0,1.0,5.432198741093399,-5.646538356888001,0.03484281129551556
0.4811,0.333,0.999,1.0,5.553830987954262,-5.213098103039272,0.038833056317351344
0.4821,0.31,0.997,1.0,5.338138724059029,-5.084588018241449,0.027645576654756518
0.4831,0.288,0.998,1.0,6.692506460630635,-5.200758704995024,0.012587716904157463
0.4841,0.338,0.997,1.0,4.855270390740742,-5.256243812697064,0.010712718007945023
0.4851,0.306,0.999,1.0,6.760557149303736,-4.753969814799563,0.005565241984328388
0.4861,0.304,0.996,1.0,6.989899925100861,-6.38009237761335,0.056224346321528264
0.4871,0.337,0.998,1.0,9.698027002673706,-4.644754572274267,0.028541856147968645
0.4881,0.316,1.0,1.0,4.755625991293511,-4.956162854636524,0.021879659754045263
0.4891,0.318,0.998,1.0,7.141572837141285,-6.741806065043899,0.012125178410712421
0.4901,0.313,0.998,1.0,8.447791693175978,-5.592007479524494,0.03127774097281999
0.4911,0.337,0.999,1.0,6.198496167747415,-3.6808867403953736,-0.0018561693289933503
0.4921,0.309,0.999,1.0,6.965920985957945,-5.350494042792745,0.01580437702936228
0.4931,0.315,0.998,1.0,6.374263307855417,-6.305416394205784,0.0540205068991334
0.4941,0.344,0.995,1.0,6.158404944944621,-6.040965024847899,0.06223124213811203
0.4951,0.314,0.997,1.0,5.926846893423226,-6.8654763037348605,0.04680371506624742
0.4961,0.342,0.997,1.0,6.233639326773492,-4.694748464831038,0.03571348455042818
0.4971,0.306,0.998,1.0,7.877584963813147,-5.1003263551891935,0.021867998170467206
0.4981,0.351,0.999,1.0,4.868746257636916,-3.4392086589558395,0.019885836455681087
0.4991,0.34,1.0,1.0,5.332441492397151,-4.8049976725200585,0.08237006585814517
0.5001,0.377,1.0,1.0,6.9360183113731475,-0.5001,0.01765552302562166
0.5011,0.392,0.999,1.0,8.136253106946532,-0.5011,0.04741664093416962
0.5021,0.374,0.998,1.0,7.813644993201715,-0.5021,0.010329802611519438
0.5031,0.404,1.0,1.0,4.676238451650057,-0.5031,-0.03335748861340832
0.5041,0.375,1.0,1.0,5.157714535185162,-0.5041,-0.031600655668225994
0.5051,0.373,1.0,1.0,5.787679043413047,-0.5051,0.016479067240454028
0.5061,0.353,1.0,1.0,6.776115040268162,-0.5061,0.04046538795881176
0.5071,0.39,0.999,1.0,8.007253634801208,-0.5071,0.03772842789096465
0.5081,0.398,1.0,1.0,6.390640384745507,-0.5081,-0.014700760517939213
0.5091,0.373,1.0,1.0,5.889781671551201,-0.5091,0.0056863840136315656
0.5101,0.418,0.999,1.0,9.025852115374917,-0.5101,0.009021601165592315
0.5111,0.417,1.0,1.0,6.22551979111299,-0.5111,0.006441673326729274
0.5121,0.394,1.0,1.0,6.146290618535344,-0.5121,-0.03135931090774038
0.5131,0.387,0.999,1.0,7.9283360353041825,-0.5131,0.014379624513841211
0.5141,0.409,1.0,1.0,7.134366509670482,-0.5141,-0.008965114983452828
0.5151,0.378,0.999,1.0,5.694487892933972,-0.5151,-0.032343983388013246
0.5161,0.397,0.999,1.0,7.025491071622145,-0.5161,-0.035685168444820205
0.5171,0.368,1.0,1.0,6.07471486354505,-0.5171,-0.007942960146325872
0.5181,0.375,1.0,1.0,6.089953154015776,-0.5181,0.0024728466182811193
0.5191,0.379,1.0,1.0,5.586516430066413,-0.5191,-0.015325899365311044
0.5201,0.37,1.0,1.0,8.00651449560031,-0.5201,-0.02564776572543765
0.5211,0.41,0.999,1.0,4.6808271521498,-0.5211,-0.04880106273311172
0.5221,0.389,0.999,1.0,7.719234088178451,-0.5221,0.007784355865276652
0.5231,0.408,1.0,1.0,6.492991513710482,-0.5231,-0.05966907252367137
0.5241,0.381,0.999,1.0,5.868376991522902,-0.5241,-0.033475817675159565
0.5251,0.4,1.0,1.0,6.173362806876469,-0.5251,-0.03876913817254259
0.5261,0.397,0.998,1.0,6.5370118485622335,-0.5261,-0.06037426932043622
0.5271,0.4,0.998,1.0,5.319292409310449,-0.5271,-0.006201743859406382
0.5281,0.405,0.999,1.0,5.410651987597252,-0.5281,0.010267826004754286
0.5291,0.41,0.999,1.0,5.4668133622666,-0.5291,-0.0533784119639539
0.5301,0.392,0.999,1.0,7.086644063770901,-0.5301,-0.0009263521456959747
0.5311,0.371,1.0,1.0,14.769543874651285,-0.5311,0.016898793913776817
0.5321,0.399,1.0,1.0,5.8988470266567825,-0.5321,-0.05300276907631745
0.5331,0.414,1.0,1.0,5.413824118013249,-0.5331,-0.08525135463174469
0.5341,0.379,1.0,1.0,5.270373943757479,-0.5341,-0.07295869125591978
0.5351,0.44,1.0,1.0,5.281963284939103,-0.5351,-0.01804341171676491
0.5361,0.425,1.0,1.0,9.09165999718441,-0.5361,0.04997227649075407
0.5371,0.43,1.0,1.0,4.2858509582852085,-0.5371,-0.04750128949445551
0.5381,0.407,1.0,1.0,5.74114546193946,-0.5381,-0.05833957482427114
0.5391,0.393,1.0,1.0,10.327054566613247,-0.5391,-0.04627778685872655
0.5401,0.413,0.999,1.0,4.765328116889276,-0.5401,-0.025520907631429616
0.5411,0.439,1.0,1.0,7.797552876378662,-0.5411,-0.04220044480444689
0.5421,0.427,1.0,1.0,5.296930074219571,-0.5421,-0.061805424723103915
0.5431,0.406,0.999,1.0,6.444758446714989,-0.5431,-0.05862701062725683
0.5441,0.421,0.999,1.0,5.945240318157026,-0.5441,-0.08436952096372345
0.5451,0.418,0.999,1.0,4.945442431371662,-0.5451,-0.013182996994140527
0.5461,0.418,1.0,1.0,8.815593217665452,-0.5461,-0.023123791272021542
0.5471,0.43,1.0,1.0,5.342986350155359,-0.5471,-0.07367295293634943
0.5481,0.392,0.999,1.0,6.279200556660525,-0.5481,-0.050156292991621075
0.5491,0.415,1.0,1.0,5.35545955023563,-0.5491,-0.009816275031574902
0.5501,0.393,0.999,1.0,4.925832142647906,-0.5501,-0.0649773480086554
0.5511,0.408,1.0,1.0,6.5047523450215605,-0.5511,-0.051254256372168884
0.5521,0.435,1.0,1.0,16.2539317382857,-0.5521,-0.07466997457627582
0.5531,0.431,1.0,1.0,5.313607004953863,-0.5531,-0.0503069411795006
0.5541,0.432,1.0,1.0,4.209053272865858,-0.5541,-0.07444777242858892
0.5551,0.412,1.0,1.0,5.8015514572830975,-0.5551,-0.07770449783521745
0.5561,0.406,0.999,1.0,5.8592340661384315,-0.5561,-0.07821774219042135
0.5571,0.432,1.0,1.0,4.456504529547029,-0.5571,-0.09043755903886655
0.5581,0.436,1.0,1.0,7.125160066090341,-0.5581,-0.06863855381619553
0.5591,0.412,1.0,1.0,4.497896096058587,-0.5591,-0.07728198844505918
0.5601,0.412,1.0,1.0,7.349155824455547,-0.5601,-0.0642241496581816
0.5611,0.442,0.999,1.0,6.330785075165491,-0.5611,-0.06384311435608236
0.5621,0.412,0.998,1.0,4.552664740981785,-0.5621,-0.04851983919426789
0.5631,0.434,1.0,1.0,5.768798073418792,-0.5631,-0.09575339557903378
0.5641,0.438,1.0,1.0,5.686868111573389,-0.5641,-0.07206463778733894
0.5651,0.446,1.0,1.0,5.768681277655452,-0.5651,-0.06168254649517671
0.5661,0.43,1.0,1.0,4.3409222230553635,-0.5661,-0.0518635815995959
0.5671,0.438,1.0,1.0,7.674838930751617,-0.5671,-0.07904553263113331
0.5681,0.445,1.0,1.0,6.314690739557212,-0.5681,-0.09304080001905964
0.5691,0.46,1.0,1.0,5.857317672457408,-0.5691,-0.0827102050988525
0.5701,0.436,1.0,1.0,6.307220118467192,-0.5701,-0.11294681421661382
0.5711,0.425,1.0,1.0,5.741739682815075,-0.5711,-0.06852598123802571
0.5721,0.439,0.999,1.0,8.714926460014372,-0.5721,-0.054689824291071734
0.5731,0.461,1.0,1.0,6.293468203955372,-0.5731,-0.06682215250817956
0.5741,0.436,1.0,1.0,5.190379986511104,-0.5741,-0.054251255861421835
0.5751,0.432,0.999,1.0,7.255375647936986,-0.5751,-0.06926438303734647
0.5761,0.41,1.0,1.0,5.794363789976029,-0.5761,-0.11966517199847651
0.5771,0.441,1.0,1.0,8.086932705118079,-0.5771,-0.030551436654758884
0.5781,0.473,1.0,1.0,6.436390906711143,-0.5781,-0.0847462324605088
0.5791,0.432,1.0,1.0,4.415103084613236,-0.5791,-0.06803071721336737
0.5801,0.46,0.999,1.0,5.765607020312499,-0.5801,-0.08277701631778778
0.5811,0.42,0.999,1.0,5.339638609346263,-0.5811,-0.07772154239256326
0.5821,0.457,0.999,1.0,5.2608810007257505,-0.5821,-0.13406074189911488
0.5831,0.463,1.0,1.0,4.65723012027431,-0.5831,-0.07507182370077324
0.5841,0.437,1.0,1.0,5.74378247720061,-0.5841,-0.14232222147188645
0.5851,0.465,1.0,1.0,5.896252994459802,-0.5851,-0.05478703111693159
0.5861,0.48,1.0,1.0,5.076886349962751,-0.5861,-0.06850347985916468
0.5871,0.459,1.0,1.0,6.4969948042072865,-0.5871,-0.04072040588332098
0.5881,0.462,0.999,1.0,9.830466270775863,-0.5881,-0.07135275151869752
0.5891,0.463,1.0,1.0,4.411277393334303,-0.5891,-0.08410512631922908
0.5901,0.47,1.0,1.0,5.568144081735079,-0.5901,-0.09103058381568002
0.5911,0.472,1.0,1.0,5.416886236385164,-0.5911,-0.0832445428525437
0.5921,0.467,1.0,1.0,4.882970299708262,-0.5921,-0.1189525069237037
0.5931,0.478,1.0,1.0,5.740658254706289,-0.5931,-0.08475175826508294
0.5941,0.459,0.998,1.0,5.589609761653847,-0.5941,-0.0707255950463529
0.5951,0.495,1.0,1.0,9.453710782067562,-0.5951,-0.13040984391481397
0.5961,0.447,1.0,1.0,7.434612750696163,-0.5961,-0.03960384768221027
0.5971,0.454,1.0,1.0,5.786354778630624,-0.5971,-0.0829070778744548
0.5981,0.468,1.0,1.0,8.407341821189853,-0.5981,-0.051468249294373894
0.5991,0.442,0.999,1.0,5.043242244151142,-0.5991,-0.08982795579061773
0.6001,0.446,1.0,1.0,5.863764737323529,-0.6001,-0.09676456138250134
0.6011,0.462,1.0,1.0,7.402930662945267,-0.6011,-0.04888573369099012
0.6021,0.472,1.0,1.0,5.513190823908885,-0.6021,-0.05212287972478612
0.6031,0.479,1.0,1.0,5.404419147478983,-0.6031,-0.11656188357577199
0.6041,0.473,0.999,1.0,6.1017602346910955,-0.6041,-0.1245614121678761
0.6051,0.481,1.0,1.0,5.785996368482854,-0.6051,-0.1542920454003082
0.6061,0.442,1.0,1.0,7.105840560305275,-0.6061,-0.1110680245456703
0.6071,0.46,1.0,1.0,6.42683257695215,-0.6071,-0.05703223955224712
0.6081,0.475,0.999,1.0,4.523897689404551,-0.6081,-0.13425447812805838
0.6091,0.484,1.0,1.0,5.022388809028946,-0.6091,-0.1187932439673941
0.6101,0.481,1.0,1.0,4.8299207836914215,-0.6101,-0.11257880506869572
0.6111,0.452,0.998,1.0,11.172057956889004,-0.6111,-0.1238768822927017
0.6121,0.48,1.0,1.0,4.8804559450052425,-0.6121,-0.09327023133651177
0.6131,0.453,0.999,1.0,3.811103442281942,-0.6131,-0.14820934965473678
0.6141,0.472,0.999,1.0,6.738219000574563,-0.6141,-0.10805578568125433
0.6151,0.469,1.0,1.0,6.22705434581001,-0.6151,-0.12310746935007429
0.6161,0.479,1.0,1.0,5.152742745062722,-0.6161,-0.12779884654482582
0.6171,0.482,1.0,1.0,7.566147832721611,-0.6171,-0.1328905356350698
0.6181,0.469,1.0,1.0,6.551613580126844,-0.6181,-0.10345643588847636
0.6191,0.478,1.0,1.0,5.694960962756262,-0.6191,-0.0746065887541578
0.6201,0.487,1.0,1.0,5.152162103369726,-0.6201,-0.102502124833535
0.6211,0.49,1.0,1.0,5.4318858229563975,-0.6211,-0.1582206795374855
0.6221,0.437,1.0,1.0,4.995260167994885,-0.6221,-0.15972227019902582
0.6231,0.48,1.0,1.0,9.448477728041148,-0.6231,-0.0978682209035164
0.6241,0.472,1.0,1.0,7.910436384316824,-0.6241,-0.10985633303897575
0.6251,0.487,1.0,1.0,9.077979983523194,-0.6251,-0.0907472873519731
0.6261,0.508,1.0,1.0,9.216774443829278,-0.6261,-0.11283857326094306
0.6271,0.486,0.999,1.0,5.528059614311653,-0.6271,-0.14233650469687137
0.6281,0.497,1.0,1.0,8.227975531072433,-0.6281,-0.09776812461358676
0.6291,0.491,1.0,1.0,5.903838109341713,-0.6291,-0.118621358045074
0.6301,0.487,1.0,1.0,7.345585908895832,-0.6301,-0.12967599317961526
0.6311,0.475,1.0,1.0,3.875530581549568,-0.6311,-0.16282320750590765
0.6321,0.483,1.0,1.0,7.917417225154922,-0.6321,-0.1298904572142244
0.6331,0.492,1.0,1.0,5.680418974914821,-0.6331,-0.1538317855601748
0.6341,0.461,0.998,1.0,6.214916672815088,-0.6341,-0.1382157107700717
0.6351,0.478,1.0,1.0,5.98237229136048,-0.6351,-0.1336233162424476
0.6361,0.539,1.0,1.0,4.808729944202604,-0.6361,-0.12383770965721626
0.6371,0.477,1.0,1.0,5.150401846037574,-0.6371,-0.17235920142398348
0.6381,0.496,1.0,1.0,5.7763966952478505,-0.6381,-0.1702610715222919
0.6391,0.518,0.999,1.0,6.887913785816533,-0.6391,-0.15196500571502924
0.6401,0.487,1.0,1.0,4.917992302512734,-0.6401,-0.14216661595126331
0.6411,0.497,1.0,1.0,5.7685788057612974,-0.6411,-0.1091932616270626
0.6421,0.504,1.0,1.0,8.522985777459285,-0.6421,-0.10164958039512094
0.6431,0.514,1.0,1.0,8.333018935711513,-0.6431,-0.14393354662559948
0.6441,0.492,1.0,1.0,5.309814132608806,-0.6441,-0.13949866931013843
0.6451,0.506,1.0,1.0,5.251071910002107,-0.6451,-0.16729373808274725
0.6461,0.487,0.998,1.0,4.664444347065772,-0.6461,-0.1521772355593802
0.6471,0.509,0.999,1.0,5.3952056244439595,-0.6471,-0.17546348947387527
0.6481,0.48,0.999,1.0,5.1014841752564575,-0.6481,-0.19436649552038324
0.6491,0.522,1.0,1.0,6.462054632438285,-0.6491,-0.13165462984071186
0.6501,0.513,1.0,1.0,6.25595293089834,-0.6501,-0.12681682023396784
0.6511,0.507,0.999,1.0,5.406903972046189,-0.6511,-0.13223006656741865
0.6521,0.495,1.0,1.0,5.283885083480019,-0.6521,-0.12081543986338233
0.6531,0.516,1.0,1.0,5.803117607051934,-0.6531,-0.14143334015819212
0.6541,0.498,1.0,1.0,5.241260071004765,-0.6541,-0.16744873017698442
0.6551,0.528,1.0,1.0,7.673816579403675,-0.6551,-0.18381750213918177
0.6561,0.516,0.999,1.0,7.70597661369267,-0.6561,-0.13945570690244793
0.6571,0.499,1.0,1.0,5.541190813783743,-0.6571,-0.15277654390549508
0.6581,0.509,1.0,1.0,7.551588329671824,-0.6581,-0.12068554095394651
0.6591,0.502,1.0,1.0,5.945478087403492,-0.6591,-0.17679789695271134
0.6601,0.498,1.0,1.0,4.827191999961476,-0.6601,-0.15073825564986448
0.6611,0.532,1.0,1.0,5.800504321665075,-0.6611,-0.1702033980241082
0.6621,0.51,1.0,1.0,5.892125342049261,-0.6621,-0.23023864754158746
0.6631,0.508,1.0,1.0,7.389385076369894,-0.6631,-0.1261261435685307
0.6641,0.494,1.0,1.0,4.9015051408763854,-0.6641,-0.1624483135898265
0.6651,0.534,1.0,1.0,7.633409316244834,-0.6651,-0.16521367521493982
0.6661,0.486,1.0,1.0,4.941600769137964,-0.6661,-0.18634148133838405
0.6671,0.509,1.0,1.0,6.342355163214764,-0.6671,-0.144992654047721
0.6681,0.52,1.0,1.0,7.843871369901252,-0.6681,-0.19626394019663612
0.6691,0.506,0.999,1.0,4.452723492659352,-0.6691,-0.14534085702613714
0.6701,0.503,1.0,1.0,8.085999514110462,-0.6701,-0.19492780219169578
0.6711,0.509,1.0,1.0,5.744805387073995,-0.6711,-0.1630610283022185
0.6721,0.517,1.0,1.0,5.435999497126841,-0.6721,-0.16255615390765504
0.6731,0.5,1.0,1.0,4.954668012995583,-0.6731,-0.16705569236803347
0.6741,0.536,0.999,1.0,7.336166212919111,-0.6741,-0.2008966093290922
0.6751,0.503,1.0,1.0,4.520322475765495,-0.6751,-0.20252176217867462
0.6761,0.511,1.0,1.0,5.9151657944208855,-0.6761,-0.21681279270945605
0.6771,0.501,0.998,1.0,5.214516294846875,-0.6771,-0.1337526211491228
0.6781,0.516,1.0,1.0,4.953703237974784,-0.6781,-0.1998527141223622
0.6791,0.536,0.999,1.0,5.207876359259062,-0.6791,-0.11955446557754419
0.6801,0.561,0.999,1.0,6.2109565768120065,-0.6801,-0.2178862891494936
0.6811,0.532,1.0,1.0,6.258698961296772,-0.6811,-0.16850564751711616
0.6821,0.518,1.0,1.0,6.6841513683258444,-0.6821,-0.19310917970636343
0.6831,0.528,1.0,1.0,6.04050824863695,-0.6831,-0.19068481461737571
0.6841,0.525,1.0,1.0,6.074665787795359,-0.6841,-0.1837943512443063
0.6851,0.539,1.0,1.0,6.499867980941536,-0.6851,-0.1807327320060578
0.6861,0.54,1.0,1.0,7.34155293412282,-0.6861,-0.17684546957885686
0.6871,0.523,1.0,1.0,4.639689424475857,-0.6871,-0.214126768330628
0.6881,0.538,1.0,1.0,5.5146763225303355,-0.6881,-0.12105857674156305
0.6891,0.555,1.0,1.0,5.270796290645706,-0.6891,-0.17663572376814732
0.6901,0.539,1.0,1.0,5.171338353621896,-0.6901,-0.25256147220339004
0.6911,0.544,0.999,1.0,7.591154950098993,-0.6911,-0.15079730995945095
0.6921,0.536,1.0,1.0,5.770568429488493,-0.6921,-0.23135888973952173
0.6931,0.532,1.0,1.0,6.58451200666809,-0.6931,-0.17203404843522166
0.6941,0.569,1.0,1.0,5.071459552751482,-0.6941,-0.1936110076132455
0.6951,0.575,1.0,1.0,6.275155786035779,-0.6951,-0.19943278263725528
0.6961,0.545,1.0,1.0,5.075059513013959,-0.6961,-0.2023924279608212
0.6971,0.539,1.0,1.0,5.835455626185778,-0.6971,-0.17900917062951
0.6981,0.559,1.0,1.0,4.5597413973624645,-0.6981,-0.20393663612652768
0.6991,0.552,0.999,1.0,8.051421512508213,-0.6991,-0.18522308045274224
