OBSERVE_COST,Rate1,Rate1pct,Rate10pct,Selet_Value_high,Select_Value_low,Select_Value_aver
0.0001,0.695,0.999,1.0,0.9997555382500406,0.9441507134087574,0.9862486862932855
0.0011,0.686,0.998,1.0,0.9997041517866442,0.8453814022358871,0.9543933137265896
0.0021,0.699,0.995,1.0,0.9987850957523846,0.7046691012880537,0.9373974360268644
0.0031,0.672,0.996,1.0,0.9996806932591356,0.6908045214280283,0.922809657482042
0.0041,0.703,0.998,1.0,0.9999230109538196,0.6652778981678074,0.9154214063632363
0.0051,0.671,0.999,1.0,0.9991331386115203,0.592449353810493,0.9012796264465517
0.0061,0.677,0.999,1.0,0.9971530347824562,0.621784005429316,0.8946570838228094
0.0071,0.699,0.998,1.0,0.9972889446269926,0.5424627622923935,0.8899441621009945
0.0081,0.66,0.998,1.0,0.9953630274882307,0.5270966612413945,0.8783401188787673
0.0091,0.71,0.999,1.0,0.9983522166124047,0.510814699741315,0.8784984651116359
0.0101,0.683,0.998,1.0,0.9989023634575832,0.4647973008486828,0.8660099313055519
0.0111,0.702,0.998,1.0,0.9984042698088659,0.4430983962943657,0.8647853763185291
0.0121,0.708,0.998,1.0,0.9983766947316899,0.40267105157089467,0.8579008105523505
0.0131,0.688,0.999,1.0,0.9974393979233634,0.39953349156439133,0.8492076880315247
0.0141,0.701,0.997,1.0,0.9992475540151928,0.2552342833518536,0.8471941102541299
0.0151,0.713,1.0,1.0,0.9997579825475289,0.27492197299721555,0.846245731828382
0.0161,0.737,0.999,1.0,0.9993845029758053,0.09529992336582682,0.844870180630245
0.0171,0.726,0.997,1.0,0.9992622809049418,0.31611549531046024,0.8322077334827708
0.0181,0.691,0.994,1.0,0.9997917166418497,0.20607981167567058,0.8270122642689013
0.0191,0.713,0.999,1.0,0.9998112898468051,0.285941207619994,0.8262055519811903
0.0201,0.705,0.999,1.0,0.999217093220259,0.3628120179510671,0.8228620627647919
0.0211,0.705,1.0,1.0,0.9998224937604259,0.3574542899754201,0.8170752195851028
0.0221,0.69,0.999,1.0,0.997311360834473,0.2543654216872816,0.808359438262922
0.0231,0.705,0.996,1.0,0.9997492766812638,-0.04629953909307616,0.8077100153270325
0.0241,0.718,0.998,1.0,0.9998711921918568,0.12321783800282204,0.8061140145532788
0.0251,0.709,0.997,1.0,0.9999001860842456,0.127489355499684,0.8041419006105298
0.0261,0.71,0.998,1.0,0.9978293608386969,0.09224281894189668,0.7996511251585768
0.0271,0.727,0.998,1.0,0.9987313421687454,0.12746607017201372,0.7997090028888428
0.0281,0.691,0.997,1.0,0.9981111723004156,0.1073599538848451,0.791947829758465
0.0291,0.715,1.0,1.0,0.9993921012721793,0.20352231502367535,0.7886938416931004
0.0301,0.735,0.999,1.0,0.9992326211162545,0.30861597357200254,0.7853082309202966
0.0311,0.706,0.998,1.0,0.9995790965660852,-0.18627537449526776,0.7777643225707046
0.0321,0.719,1.0,1.0,0.9973923437705603,0.18234539824826224,0.780455590007776
0.0331,0.709,0.998,1.0,0.9994648849892155,0.12441767492708733,0.7763871329300791
0.0341,0.701,0.999,1.0,0.9992222858110362,0.21978476968706806,0.7717539073154993
0.0351,0.706,0.997,1.0,0.9980902461601294,0.20408280489362252,0.7665874354390682
0.0361,0.704,1.0,1.0,0.9989323889573916,0.08374933052906375,0.7643821083984269
0.0371,0.73,0.999,1.0,0.999455986609723,-0.03423682919358828,0.7665704151713624
0.0381,0.737,0.996,1.0,0.9998153296373128,-0.41717002502744227,0.7608168548928735
0.0391,0.715,0.999,1.0,0.9997735388907165,-0.08019471289475755,0.7650028919924682
0.0401,0.698,0.999,1.0,0.9985612245291791,0.1357683108106904,0.751744758766827
0.0411,0.712,0.999,1.0,0.9967337472484283,-0.13977736750291947,0.754594300410203
0.0421,0.69,0.996,1.0,0.9996213956301001,-0.08587490384707863,0.7457774532790535
0.0431,0.74,0.999,1.0,0.9984147607483818,0.20178637238183883,0.7558266737701618
0.0441,0.733,0.998,1.0,0.9970616777960101,-0.17203715387700336,0.7484132579111643
0.0451,0.707,0.997,1.0,0.9993534339531411,-0.11300595168988414,0.7412727233260186
0.0461,0.715,0.999,1.0,0.9999780496003056,-0.19465515607665407,0.7503396412128593
0.0471,0.741,0.998,1.0,0.9987741880397617,-0.4011616476801595,0.7474570424146793
0.0481,0.713,0.998,1.0,0.9979481332959517,0.08247878681880227,0.7419048615457873
0.0491,0.697,0.999,1.0,0.9981021617976638,-0.1662383985802146,0.7306071908599286
0.0501,0.726,0.998,1.0,0.9997327462886885,-0.35486321149299616,0.7321949847031006
0.0511,0.734,0.998,1.0,0.9999170288960811,-0.23727469888898067,0.7283295900429251
0.0521,0.73,0.997,1.0,0.9994082777175757,-0.18639232031282893,0.733260273644088
0.0531,0.704,0.998,1.0,0.9988838140684216,-0.17751024558806594,0.7267265557514837
0.0541,0.714,0.998,1.0,0.9982530313926752,-0.16295846893066135,0.720826896186977
0.0551,0.734,0.999,1.0,0.9994328998089073,-0.3062167627181036,0.7198356741296867
0.0561,0.741,1.0,1.0,0.9989651258533077,-0.10506966776573357,0.7234764289931168
0.0571,0.715,0.999,1.0,0.997610877684433,-0.15237231721001798,0.7176400628597711
0.0581,0.683,0.997,1.0,0.9992462571390691,-0.05567213054041642,0.7097746216102329
0.0591,0.708,0.998,1.0,0.9996313478461166,-0.07763117347076032,0.7093621855030395
0.0601,0.714,0.999,1.0,0.9999892593472657,-0.36548638225740204,0.7022472717807358
0.0611,0.741,1.0,1.0,0.9999349035451872,-0.11503673825342331,0.7179815367626646
0.0621,0.727,0.999,1.0,0.9990716342623464,-0.654527676172152,0.7122990349173582
0.0631,0.756,0.998,1.0,0.9993605239109545,-0.19653493023975843,0.7212434036665188
0.0641,0.728,0.996,1.0,0.9996644232466999,-0.150055389707757,0.7072443932467225
0.0651,0.712,0.998,1.0,0.9996188126496235,-0.45276752271590326,0.700402734024424
0.0661,0.735,0.999,1.0,0.9990241203836452,-0.10670292257171521,0.7087003139582994
0.0671,0.735,0.998,1.0,0.9987153400306025,-0.3217927202736798,0.6991387767624822
0.0681,0.737,0.999,1.0,0.9967322250929656,-0.341375895322819,0.7003905585780902
0.0691,0.74,0.999,1.0,0.99994321872396,-0.37394440609839685,0.6959114049292828
0.0701,0.721,0.999,1.0,0.999239332017385,-0.2901345484566611,0.6862618036143564
0.0711,0.727,0.998,1.0,0.9999576621043409,-0.5209651972440887,0.6878882754029703
0.0721,0.733,0.997,1.0,0.9986589496938776,-0.4607844139369307,0.6928479468010412
0.0731,0.73,1.0,1.0,0.9997477014141756,-0.22047213426960277,0.6930453260968691
0.0741,0.732,1.0,1.0,0.9993529769143826,-0.33546137403172904,0.6832062545333681
0.0751,0.737,0.997,1.0,0.9998384142120251,-0.4320886493266599,0.68388047998716
0.0761,0.736,0.999,1.0,0.9997821826616167,-0.33342069844867217,0.6882291991361215
0.0771,0.741,0.998,1.0,0.9997188833108678,-0.47453358016121183,0.6802110437194558
0.0781,0.741,0.999,1.0,0.9986824017307133,-0.15427340334438522,0.6841617911650849
0.0791,0.742,0.998,1.0,0.9992924210666962,-0.14155389561876652,0.6825824121487544
0.0801,0.735,1.0,1.0,0.9999226515979124,-0.5568993244948651,0.683679473566321
0.0811,0.743,0.998,1.0,0.9987104198873787,-0.3753805574279533,0.6926153390747911
0.0821,0.73,1.0,1.0,0.9981264895099062,-0.301831082550583,0.6777288692758198
0.0831,0.742,1.0,1.0,0.998778299922612,-0.23885440035491146,0.6810595272594732
0.0841,0.724,1.0,1.0,0.9994762748892958,-0.49904925639529296,0.6691205776267215
0.0851,0.739,1.0,1.0,0.9990567346209916,-0.1459027217413772,0.6818522686312771
0.0861,0.709,1.0,1.0,0.9988971633663303,-0.4878167963140413,0.6705801746838557
0.0871,0.745,0.999,1.0,0.9988075157232447,-0.5519843453215939,0.6576264868219599
0.0881,0.736,0.997,1.0,0.9990466183065023,-0.48506785237885197,0.674875449057264
0.0891,0.746,0.998,1.0,0.9992686773622252,-0.48789851631674463,0.6749881813794139
0.0901,0.72,1.0,1.0,0.9999296730332621,-0.3601640468299757,0.6601236167654416
0.0911,0.763,1.0,1.0,0.9998465857365745,-0.1892475173995657,0.6718168970511239
0.0921,0.725,0.999,1.0,0.9996594382845992,-0.47521207661995635,0.6632654384112247
0.0931,0.74,0.999,1.0,0.9984059613729739,-0.27520942594616427,0.6645702076261145
0.0941,0.75,0.997,1.0,0.9985599182983792,-1.1210685582397422,0.6568386653801639
0.0951,0.728,0.997,1.0,0.997784258066024,-0.56809135236608,0.6579595541131334
0.0961,0.739,0.999,1.0,0.9992860289899813,-0.6308227932261378,0.6493597185530479
0.0971,0.729,0.998,1.0,0.9944824288811621,-0.986047555381687,0.6461644129304245
0.0981,0.751,0.999,1.0,0.9999198061541875,-0.33510472435686534,0.6581765867912244
0.0991,0.76,0.998,1.0,0.9993525423777562,-0.20731147430986274,0.6560620835135577
0.1001,0.741,0.996,1.0,0.9991375516413232,-0.6274141411122741,0.6436034230348442
0.1011,0.743,0.999,1.0,0.9998426965717342,-0.3659954654031248,0.652442989918342
0.1021,0.714,0.999,1.0,0.9976523545681009,-0.4471244256175543,0.6451907637467841
0.1031,0.744,0.999,1.0,0.9990186941959383,-0.370740072787744,0.6518975807199219
0.1041,0.771,0.998,1.0,0.9999782979126927,-0.42658124152114707,0.647679909827897
0.1051,0.765,0.997,1.0,0.9988293904398545,-0.8962639740301107,0.6441514068464981
0.1061,0.743,1.0,1.0,0.9997423754906919,-0.4372568193954576,0.6440209440878599
0.1071,0.737,1.0,1.0,0.9990095034425076,-0.27570696470617684,0.6469832210795479
0.1081,0.72,0.997,1.0,0.9998646520316653,-0.49476150479915315,0.637453678164304
0.1091,0.759,0.998,1.0,0.9995488932135271,-0.5503174663971875,0.6460047380547764
0.1101,0.723,1.0,1.0,0.9996513905221035,-0.45369543611286767,0.6386454056090752
0.1111,0.732,0.999,1.0,0.9989647722112448,-0.8620413730314958,0.6353921622988488
0.1121,0.733,1.0,1.0,0.9999772247824456,-0.2388961049111945,0.6344487238724755
0.1131,0.746,0.999,1.0,0.9995594608403799,-0.38357185811547556,0.6397302016817471
0.1141,0.747,1.0,1.0,0.9992265211438738,-0.5458389154132394,0.6342326437389774
0.1151,0.75,1.0,1.0,0.999933869209629,-0.3301347873854392,0.642284925264701
0.1161,0.746,0.999,1.0,0.9985591131159541,-1.2575895263617705,0.6324762415325311
0.1171,0.742,0.999,1.0,0.9996755969007609,-0.443161835011736,0.62899999176805
0.1181,0.728,0.998,1.0,0.9977629008911574,-1.1814462373861767,0.6189056710525527
0.1191,0.742,1.0,1.0,0.9984431640821934,-0.5074820874622462,0.6366332273429055
0.1201,0.735,1.0,1.0,0.9994714419420354,-0.5061556549307393,0.6305891516163981
0.1211,0.745,0.999,1.0,0.9999543885906306,-0.6597989503895157,0.6336546031273749
0.1221,0.758,1.0,1.0,0.9985020117851214,-0.32630258012251345,0.6280575125240431
0.1231,0.766,1.0,1.0,0.9995966489804433,-0.33529574866645295,0.6339177706583154
0.1241,0.741,0.999,1.0,0.9993494660563175,-0.5906182980314755,0.6310530533502634
0.1251,0.738,0.998,1.0,0.9992835684773629,-0.7064480786650745,0.6324011228634534
0.1261,0.715,0.998,1.0,0.9990788103528757,-0.4764222607867068,0.6076008079474796
0.1271,0.734,0.999,1.0,0.9975110582351185,-0.5488580499842856,0.6204980494171894
0.1281,0.746,0.998,1.0,0.999842528723208,-0.6398457022422466,0.6119523829923194
0.1291,0.748,1.0,1.0,0.9987211935822371,-0.7556418082167936,0.6124454041179526
0.1301,0.732,1.0,1.0,0.9982409812367169,-0.3149785612438407,0.6220123883462255
0.1311,0.73,0.999,1.0,0.998439242500391,-0.5869138042732972,0.6066477478866491
0.1321,0.74,0.998,1.0,0.9999032965265605,-0.6339978034082537,0.6128517961363097
0.1331,0.758,0.999,1.0,0.9996045711558308,-0.6934821435499934,0.614178446874177
0.1341,0.736,0.997,1.0,0.9996533897267125,-0.9733357620334118,0.6046922397714789
0.1351,0.734,1.0,1.0,0.9996466312245332,-0.5572147346957496,0.6018753812333254
0.1361,0.762,1.0,1.0,0.9989030822974394,-0.4503628554892498,0.6248545323614494
0.1371,0.726,0.999,1.0,0.9996780538737614,-0.49126686672628483,0.6142242125651135
0.1381,0.74,0.999,1.0,0.9994219845061607,-0.20091733244258925,0.6076970623101501
0.1391,0.729,0.997,1.0,0.9970666225266396,-0.6232696257101835,0.6126772586280653
0.1401,0.757,0.999,1.0,0.9984866030353184,-0.6835506684761803,0.6160541939337297
0.1411,0.762,0.999,1.0,0.9991099744844102,-0.7864846617406643,0.6121175314797541
0.1421,0.748,1.0,1.0,0.9997462993737785,-0.9690783735085606,0.615162518368341
0.1431,0.733,0.998,1.0,0.9991133579078462,-0.5006243774175898,0.6074181677824214
0.1441,0.732,1.0,1.0,0.9997598018847955,-0.6072873919608637,0.5942912961628147
0.1451,0.741,0.999,1.0,0.9981428548817549,-0.47252623473774813,0.60597928479044
0.1461,0.752,0.997,1.0,0.9986126187185393,-0.952614116756959,0.6136660732771777
0.1471,0.762,1.0,1.0,0.9989384552738797,-0.2161314792397635,0.6089909781305681
0.1481,0.76,0.999,1.0,0.996410304816088,-0.45876132349918053,0.6039334448751763
0.1491,0.74,1.0,1.0,0.9999743541072638,-0.578082051239073,0.6016728371461005
0.1501,0.753,0.998,1.0,0.9996866392332661,-0.6117014607474538,0.6016123818125955
0.1511,0.757,0.999,1.0,0.9997554980349125,-0.5504965075673328,0.6064125725151486
0.1521,0.761,0.999,1.0,0.998869784327383,-0.4603812884442716,0.5931337508293058
0.1531,0.755,1.0,1.0,0.9998216727865317,-0.9153775523031671,0.5950990690354295
0.1541,0.731,1.0,1.0,0.9984213382722144,-0.48879918780652687,0.59720910434586
0.1551,0.751,1.0,1.0,0.9994794142170348,-0.8373389442516324,0.5963431932603126
0.1561,0.758,1.0,1.0,0.9997896022692246,-0.48916697778002405,0.5994246270610024
0.1571,0.74,1.0,1.0,0.9997175423242548,-0.6044847222010166,0.5921933982055229
0.1581,0.753,1.0,1.0,0.9997569518610097,-0.8081909128174709,0.5855413349494606
0.1591,0.756,1.0,1.0,0.9997262171902735,-0.6857682716488773,0.5920388214686856
0.1601,0.756,0.999,1.0,0.9993261610712271,-0.37062906288409037,0.5811582927923677
0.1611,0.785,1.0,1.0,0.99951178886636,-0.7286912187585205,0.607812918296132
0.1621,0.774,0.998,1.0,0.9999917066201881,-1.1816847945318836,0.5914590337723001
0.1631,0.764,1.0,1.0,0.9930367435637663,-0.4047908888596623,0.5883647209495502
0.1641,0.752,0.998,1.0,0.9998862920315199,-0.6634135995240394,0.5890132782435242
0.1651,0.759,0.999,1.0,0.9988317074184133,-0.8950896638264826,0.5923964215618781
0.1661,0.754,1.0,1.0,0.9972141371853913,-0.41672320804300533,0.586406095370967
0.1671,0.775,1.0,1.0,0.9962591744220429,-0.393151565769848,0.5926272217828329
0.1681,0.748,1.0,1.0,0.9994748275099231,-0.9671925952733654,0.5837935463398979
0.1691,0.769,1.0,1.0,0.9999691504674807,-0.8877129352143317,0.5931151312184524
0.1701,0.75,1.0,1.0,0.9987959178955232,-0.8211726289163873,0.5800770412828513
0.1711,0.731,0.999,1.0,0.999209347803565,-0.7478201139179215,0.5843716757474822
0.1721,0.768,1.0,1.0,0.9989209013360325,-0.5818892220748162,0.5892668450589386
0.1731,0.756,1.0,1.0,0.9992576101308241,-0.6940844121419679,0.5876037952307693
0.1741,0.753,0.999,1.0,0.9956551190754835,-0.6151255624751356,0.5831220764812172
0.1751,0.754,1.0,1.0,0.9995010115568831,-0.5619378778791185,0.5906432345039572
0.1761,0.77,1.0,1.0,0.9999775862776084,-0.6221919410473743,0.5886714398211808
0.1771,0.755,1.0,1.0,0.9997996068758046,-0.8616260561487227,0.5827564618247778
0.1781,0.767,1.0,1.0,0.9999407161393576,-0.7988672373283477,0.5878931221005224
0.1791,0.759,0.999,1.0,0.9993319926175217,-1.019969814050935,0.5793133514161949
0.1801,0.769,1.0,1.0,0.9997663638037815,-0.5334982385450704,0.571599698236832
0.1811,0.779,1.0,1.0,0.9997683875194737,-0.3788696043540932,0.5852775487352242
0.1821,0.747,0.999,1.0,0.9998462063825578,-0.6291491168918198,0.5820710009535024
0.1831,0.759,0.999,1.0,0.9995314919628653,-0.701139366773586,0.5873105168189332
0.1841,0.755,0.999,1.0,0.9996991291536229,-2.237099599292302,0.5675540298447813
0.1851,0.747,0.998,1.0,0.999857311922382,-0.8611038071980208,0.5643687861522149
0.1861,0.748,1.0,1.0,0.9999367876678442,-0.589976175275685,0.583357309001348
0.1871,0.747,1.0,1.0,0.9999670684160618,-1.197727286178883,0.5725771007824757
0.1881,0.756,0.999,1.0,0.9993131107699259,-0.8536362944749032,0.5678537249579848
0.1891,0.769,1.0,1.0,0.9997820692751209,-0.6805771902295347,0.579193543820065
0.1901,0.766,1.0,1.0,0.9992204469689656,-1.0214777493251257,0.57055607657001
0.1911,0.772,1.0,1.0,0.9996011141664664,-0.6743923031937678,0.5797904938869194
0.1921,0.74,1.0,1.0,0.9998590323776354,-0.9147905025133006,0.5595498596528552
0.1931,0.76,0.999,1.0,0.9994550943207793,-0.9169659689922013,0.557070465803401
0.1941,0.759,0.998,1.0,0.9983192324210779,-1.0744138374278347,0.560183839467056
0.1951,0.757,1.0,1.0,0.9981677435122235,-0.48429734049824646,0.5667287722263794
0.1961,0.752,0.999,1.0,0.9991686450618711,-0.6958198489832856,0.5796745148230951
0.1971,0.766,1.0,1.0,0.9999320584141429,-0.923363800744357,0.5710262220007518
0.1981,0.768,0.999,1.0,0.9998470634701058,-0.8240675657972985,0.5553867188180575
0.1991,0.771,1.0,1.0,0.9988666077979954,-0.8228752976515357,0.5594655127662322
0.2001,0.756,1.0,1.0,0.9986932879773255,-0.8477323934288536,0.5637813069516284
0.2011,0.774,1.0,1.0,0.9990419508573382,-0.5353320576078624,0.5743505465085058
0.2021,0.77,1.0,1.0,0.9988368692591808,-1.006825486865539,0.5649892816564249
0.2031,0.774,1.0,1.0,0.9999173501742208,-1.1725888779641251,0.5770535762077963
0.2041,0.777,0.999,1.0,0.9995210326413851,-0.7690213244511418,0.5636680972577579
0.2051,0.771,1.0,1.0,0.9999400256348195,-0.7289237958899137,0.5683434516528847
0.2061,0.79,1.0,1.0,0.9999019014506696,-0.5458893118835917,0.5713606406922827
0.2071,0.743,0.999,1.0,0.9993038512000703,-0.7283368694778437,0.5583596205796062
0.2081,0.798,0.999,1.0,0.999462968462376,-0.6539831025551754,0.5822449838853431
0.2091,0.754,0.999,1.0,0.9989376511734541,-1.0022336732920407,0.5505661647610395
0.2101,0.759,1.0,1.0,0.99944875619672,-0.4677713744924541,0.5624235755460896
0.2111,0.764,0.999,1.0,0.9999682814282691,-0.5888238335702604,0.5579470962472086
0.2121,0.768,0.999,1.0,0.9995453271397141,-0.890806894625118,0.5697351674923561
0.2131,0.761,1.0,1.0,0.9995964998796197,-0.9123794250496465,0.5532557814742404
0.2141,0.778,1.0,1.0,0.9999544446686538,-0.7299803966282593,0.5516050372649907
0.2151,0.77,1.0,1.0,0.9982262484617751,-0.6479750022690556,0.573795518682397
0.2161,0.779,1.0,1.0,0.999862610523504,-0.6664588329431417,0.5574273192749815
0.2171,0.758,0.999,1.0,0.9998091004857148,-0.9115405175850732,0.5539599284783873
0.2181,0.792,0.999,1.0,0.9987093976280457,-0.9277911645966043,0.5701263776245596
0.2191,0.779,1.0,1.0,0.9987434405037753,-0.6558857031623678,0.55814902949514
0.2201,0.755,1.0,1.0,0.9994035034551483,-0.8291796727864568,0.5512092973464371
0.2211,0.748,0.999,1.0,0.9971820454975601,-0.5857127442159469,0.5436522902449208
0.2221,0.775,1.0,1.0,0.999160509645202,-0.7522821566951172,0.560492560414419
0.2231,0.762,1.0,1.0,0.9979654808672456,-1.1235295380382078,0.5561738231046551
0.2241,0.79,1.0,1.0,0.9997901425444118,-1.079688143359262,0.5678840075190729
0.2251,0.776,1.0,1.0,0.9998499030889655,-0.6592382730763996,0.5569327116707136
0.2261,0.767,1.0,1.0,0.9988423975919066,-0.8343550257184292,0.5505284473129537
0.2271,0.793,1.0,1.0,0.9996400562530305,-0.7828361415130985,0.5611403270062291
0.2281,0.735,0.999,1.0,0.9992209418282004,-0.9984836638871671,0.5354256226019999
0.2291,0.76,1.0,1.0,0.9978074151300449,-1.0563469777485213,0.5434571405324623
0.2301,0.763,1.0,1.0,0.9998393717981361,-0.7939891480060708,0.5553373074775106
0.2311,0.769,1.0,1.0,0.9992731491370884,-0.8273336025976608,0.5418922177673312
0.2321,0.78,1.0,1.0,0.9999679009960544,-1.014756476919296,0.5535621510867677
0.2331,0.766,1.0,1.0,0.9985469203805749,-0.9881903803454657,0.5476577288250153
0.2341,0.78,1.0,1.0,0.99962756003045,-0.6482006962350703,0.5565601017384207
0.2351,0.779,1.0,1.0,0.9997765352877568,-0.7574509639998943,0.5546518435697905
0.2361,0.759,1.0,1.0,0.9975800038163615,-0.5488911109323611,0.5449430143917703
0.2371,0.763,1.0,1.0,0.9997996550375964,-0.9940888316768282,0.5404292327665691
0.2381,0.788,1.0,1.0,0.9996379802170644,-0.9560925295875324,0.5563505658817521
0.2391,0.762,1.0,1.0,0.9999619346863371,-0.5784437497162664,0.5560529313392136
0.2401,0.769,0.999,1.0,0.9994012990982633,-1.5268379931209064,0.5474031742240343
0.2411,0.779,1.0,1.0,0.998462151863671,-0.8301259829534977,0.5376379859783863
0.2421,0.761,1.0,1.0,0.999531339152305,-0.7338865137495619,0.5441223115497109
0.2431,0.77,1.0,1.0,0.9977066509665984,-0.8998249104167707,0.5401991555906197
0.2441,0.771,1.0,1.0,0.9999378647356821,-0.6413631028288012,0.5450441475146622
0.2451,0.773,1.0,1.0,0.9995536588745059,-2.002019133829104,0.5494908519816974
0.2461,0.787,1.0,1.0,0.9996456663544163,-0.9798268332428943,0.5413756815736468
0.2471,0.754,1.0,1.0,0.9997794306216475,-1.469271315652581,0.5317299671217217
0.2481,0.794,1.0,1.0,0.9999532977687752,-0.44230429740913746,0.5617413080864874
0.2491,0.795,1.0,1.0,0.9999704684829525,-0.5288558370003128,0.5579466526553474
0.2501,0.807,1.0,1.0,0.999907580424972,-0.9098566779948452,0.5706269619779819
0.2511,0.785,1.0,1.0,0.9972908397714301,-0.7076032423284513,0.5344328849429659
0.2521,0.729,1.0,1.0,0.9991107523720824,-0.8385089394387445,0.5293259184528619
0.2531,0.784,1.0,1.0,0.999425595148063,-0.5038546128330355,0.5493762540415632
0.2541,0.762,1.0,1.0,0.9996951020306847,-1.0827234862189725,0.532534386831403
0.2551,0.777,1.0,1.0,0.9986975995420366,-0.798345553434602,0.5530379399099234
0.2561,0.776,1.0,1.0,0.9998299878816521,-0.6248154078129542,0.5376293982877121
0.2571,0.8,1.0,1.0,0.9986954043948024,-0.658608157366047,0.5597592861915967
0.2581,0.779,1.0,1.0,0.9995636615670124,-0.5392288259547019,0.5293160666741537
0.2591,0.788,1.0,1.0,0.9999113093705682,-0.6010975597405422,0.5371595358421957
0.2601,0.791,1.0,1.0,0.9993627194422442,-0.6389532230936144,0.5308871995823844
0.2611,0.799,1.0,1.0,0.9957769053750726,-1.2491343372289128,0.5448240331853593
0.2621,0.787,1.0,1.0,0.9993887847218558,-0.6221745468592911,0.5461588180154574
0.2631,0.791,1.0,1.0,0.9991733628602595,-0.4375264839571843,0.5523050803545457
0.2641,0.783,1.0,1.0,0.9994547918924148,-0.9289332496126708,0.5430313376186141
0.2651,0.778,1.0,1.0,0.9998040531357186,-0.7846437712555893,0.5266997848579362
0.2661,0.785,1.0,1.0,0.999685124147461,-0.6005684471359608,0.5335637922211791
0.2671,0.79,1.0,1.0,0.9999653782231486,-0.5085334403577906,0.5431863361564868
0.2681,0.774,1.0,1.0,0.9987296806846242,-1.0120426736049515,0.5255449729889128
0.2691,0.808,1.0,1.0,0.99949925172119,-1.0700935462427745,0.5545186858086244
0.2701,0.785,1.0,1.0,0.9978581759704657,-0.7560494829072667,0.5430566352653375
0.2711,0.768,1.0,1.0,0.999204718878145,-0.7541169764155938,0.5288443720878473
0.2721,0.787,1.0,1.0,0.9998518296389973,-1.047794776094606,0.5334599937488907
0.2731,0.771,1.0,1.0,0.9996326979255955,-0.7929527828876551,0.5238255059960151
0.2741,0.789,1.0,1.0,0.9974115875226388,-0.9944156513408644,0.5299117496772938
0.2751,0.767,1.0,1.0,0.9986115980507345,-1.085558976985327,0.5285513121188312
0.2761,0.784,1.0,1.0,0.9989080619094735,-0.558447506308697,0.538641080239798
0.2771,0.791,1.0,1.0,0.9992904106585682,-0.9924238095829195,0.5321171952269885
0.2781,0.786,1.0,1.0,0.9999766794064935,-1.1195387050681096,0.5349131690683848
0.2791,0.781,1.0,1.0,0.9994568889985247,-0.8926429754274454,0.5296826128436827
0.2801,0.784,1.0,1.0,0.999406359332258,-0.8159327554225901,0.5314717383320827
0.2811,0.775,1.0,1.0,0.999444599281834,-0.8492490929579961,0.5268199458581515
0.2821,0.779,0.999,1.0,0.9992856613197242,-1.13864137961178,0.5284300868531215
0.2831,0.776,1.0,1.0,0.9999772705096382,-1.1303668702705827,0.5302245562767829
0.2841,0.779,1.0,1.0,0.9989420220418502,-0.84170207888741,0.5317936645923801
0.2851,0.777,1.0,1.0,0.9998923435205852,-0.6145805884535824,0.5260852834837245
0.2861,0.776,1.0,1.0,0.9999810612541448,-0.7354157511638143,0.5133233569926365
0.2871,0.781,0.999,1.0,0.9990676596174377,-0.8755932464696798,0.5176844715090343
0.2881,0.792,1.0,1.0,0.9989873076393355,-0.5807248468901115,0.5249049632467421
0.2891,0.786,1.0,1.0,0.9998568145203797,-1.0365789716343659,0.526877259097596
0.2901,0.771,1.0,1.0,0.9995575289826031,-0.8589324709987193,0.5326216508820497
0.2911,0.774,1.0,1.0,0.9983578995164301,-0.6795361899407856,0.5239608667532669
0.2921,0.793,1.0,1.0,0.9993858062939301,-0.6235808544326447,0.5233548844071536
0.2931,0.801,1.0,1.0,0.9997943168634249,-0.6568759572146018,0.5196434146436686
0.2941,0.781,1.0,1.0,0.9996223119743007,-0.8527618328789306,0.5339881089125447
0.2951,0.791,0.999,1.0,0.9978924764815373,-1.116677519950532,0.5394694836037547
0.2961,0.783,1.0,1.0,0.9973571821653995,-0.9532738401747901,0.5277713911254888
0.2971,0.788,1.0,1.0,0.9996404263154443,-0.7834552517173061,0.5239164595353945
0.2981,0.8,1.0,1.0,0.999693500539356,-0.6929871387522566,0.5300568199455684
0.2991,0.768,1.0,1.0,0.9996173237916081,-0.5626225828259978,0.5093588323469113
0.3001,0.81,1.0,1.0,0.9969624384038837,-0.6124424151122505,0.5378989918883696
0.3011,0.795,1.0,1.0,0.9962338426086245,-1.0582607643159383,0.5238396490821149
0.3021,0.798,1.0,1.0,0.9975368752404303,-0.46821830598408143,0.5404913414356604
0.3031,0.801,1.0,1.0,0.9965249247298125,-0.6323838029471288,0.5216343675374833
0.3041,0.795,1.0,1.0,0.9996708877334682,-0.5458602806502534,0.5199605129117684
0.3051,0.807,1.0,1.0,0.999931530883412,-1.043832889065019,0.5262243089147927
0.3061,0.811,1.0,1.0,0.9988238548949463,-1.179296845409199,0.5330481538387979
0.3071,0.791,1.0,1.0,0.9992834800132944,-0.5882097412881652,0.5349267850741675
0.3081,0.771,1.0,1.0,0.9979932621929076,-0.6486747591870208,0.5082442106901705
0.3091,0.789,1.0,1.0,0.9995461416091226,-1.1738236504144437,0.5234116258025012
0.3101,0.818,1.0,1.0,0.9992083357088228,-1.2914956893956384,0.5376238686269341
0.3111,0.794,1.0,1.0,0.9986219058009443,-0.8554980821010575,0.5128187787554774
0.3121,0.773,1.0,1.0,0.9965996723056042,-0.596272903501637,0.509797638492035
0.3131,0.797,1.0,1.0,0.9981871216045879,-0.8890029504746728,0.5223831196164958
0.3141,0.809,1.0,1.0,0.9999995775125196,-0.5231476280731556,0.5367836306926771
0.3151,0.794,1.0,1.0,0.9987626974653295,-0.7173239720402649,0.5116001899828476
0.3161,0.793,1.0,1.0,0.9986566819828427,-1.2644361341494212,0.5149781241617164
0.3171,0.781,1.0,1.0,0.9996219040475608,-1.0433893769364277,0.5036935634857153
0.3181,0.798,1.0,1.0,0.9999535519377325,-1.0681396000235726,0.5207009292787192
0.3191,0.82,1.0,1.0,0.9997607224903288,-0.6954241128358184,0.531512009155074
0.3201,0.783,1.0,1.0,0.9975710301844943,-0.618637748314716,0.5231299629138368
0.3211,0.788,1.0,1.0,0.9996848258300588,-0.7485743153722391,0.5050192245612783
0.3221,0.776,1.0,1.0,0.9983781736362741,-0.912138989641738,0.5051044593147175
0.3231,0.777,1.0,1.0,0.9994241667087972,-0.7698656095711852,0.5121042652800603
0.3241,0.794,1.0,1.0,0.9999805663797594,-0.7111114264921746,0.527498625388754
0.3251,0.785,1.0,1.0,0.9995747475499932,-0.8135260175981835,0.5114925933653578
0.3261,0.796,1.0,1.0,0.9999684124753253,-1.2381332344705176,0.5201482946604735
0.3271,0.779,1.0,1.0,0.9987407517467147,-0.7506617114328448,0.5009857066698059
0.3281,0.811,1.0,1.0,0.9989405174958789,-0.7149833240837907,0.5208542029267311
0.3291,0.781,1.0,1.0,0.9982022991662952,-0.7804451468149657,0.5083096191886174
0.3301,0.812,1.0,1.0,0.9989348535219456,-0.5772539204884569,0.5289447326917975
0.3311,0.813,1.0,1.0,0.9998305851536398,-1.3872605809132672,0.5262189338466254
0.3321,0.794,1.0,1.0,0.9996764096889399,-0.8371961681703874,0.5291407621391568
0.3331,0.806,1.0,1.0,0.9995347303948655,-0.7307238254890565,0.5257501223571749
0.3341,0.775,1.0,1.0,0.999412481197205,-1.1620938371065646,0.5007888913821784
0.3351,0.806,1.0,1.0,0.9988047316093523,-0.976866800849077,0.5032362952953879
0.3361,0.794,1.0,1.0,0.999247455821176,-0.7900897428458299,0.5050295992916843
0.3371,0.806,1.0,1.0,0.9988740486366691,-0.6313372175685725,0.5155540359473971
0.3381,0.803,1.0,1.0,0.999968572413156,-1.5776535949735533,0.5222608682071
0.3391,0.795,1.0,1.0,0.9994416942315771,-0.6672934138685369,0.5243549700163325
0.3401,0.804,1.0,1.0,0.997729100685273,-1.1567739633791825,0.5058998949590923
0.3411,0.798,1.0,1.0,0.9994335249140213,-0.7778423838253147,0.5188599593352777
0.3421,0.79,1.0,1.0,0.9969503104619285,-0.4974000213667338,0.5151327173371651
0.3431,0.812,1.0,1.0,0.999806621720651,-1.4947407288077588,0.5123493868451525
0.3441,0.811,1.0,1.0,0.9962607271312923,-0.7059236645442944,0.5143647565970236
0.3451,0.794,1.0,1.0,0.9997572792666063,-1.1703067471902031,0.503234833204131
0.3461,0.804,1.0,1.0,0.9988373132246263,-1.3363699315530284,0.5030212520695925
0.3471,0.821,1.0,1.0,0.9990857999181338,-0.5210207957727171,0.5157685989235086
0.3481,0.822,1.0,1.0,0.9986165806509094,-0.9225669553043271,0.5261026943262943
0.3491,0.815,1.0,1.0,0.9992572594612164,-0.7539376141126567,0.5168313385982225
0.3501,0.803,1.0,1.0,0.9998774440216255,-0.6595652886026938,0.5212815868848963
0.3511,0.821,1.0,1.0,0.9982226391089571,-0.5337311978867233,0.5285736654374685
0.3521,0.812,1.0,1.0,0.9994795299741738,-0.9656650451656654,0.5102268837239287
0.3531,0.815,1.0,1.0,0.9986454306615823,-0.9288076719110154,0.5155453379422962
0.3541,0.8,1.0,1.0,0.9997548149575719,-0.8216185977990205,0.5021808796357379
0.3551,0.814,1.0,1.0,0.9992660596334997,-0.7348385711505441,0.5159731162954223
0.3561,0.784,1.0,1.0,0.9997444106231845,-0.698258083529413,0.5149846737605036
0.3571,0.796,1.0,1.0,0.999444153379663,-0.9951381970114562,0.49605809346610663
0.3581,0.811,1.0,1.0,0.9992277846940106,-0.8957209376010077,0.5057514605791879
0.3591,0.8,1.0,1.0,0.9997781813128392,-0.5483768807399814,0.4958181554854349
0.3601,0.813,1.0,1.0,0.999420920978349,-1.2413582704173094,0.5126434507259603
0.3611,0.806,1.0,1.0,0.9993422670515872,-0.5592391637708316,0.5079554708986612
0.3621,0.818,1.0,1.0,0.9998341076931786,-0.5391060010555458,0.5128817314101577
0.3631,0.793,1.0,1.0,0.9998905169304659,-0.5387820571632171,0.5023303672207037
0.3641,0.815,1.0,1.0,0.999768359247858,-0.7929456070500169,0.5185490410754611
0.3651,0.808,1.0,1.0,0.9993586736594174,-0.5592997993125851,0.5072328394968654
0.3661,0.822,1.0,1.0,0.999974530666771,-0.9335300021030274,0.5108776413904912
0.3671,0.812,1.0,1.0,0.9979527769901666,-0.8779015720394592,0.5097745535607845
0.3681,0.822,1.0,1.0,0.9998195211626151,-0.9520857307220029,0.5094133709116944
0.3691,0.806,1.0,1.0,0.9999343879409546,-0.9233461608186805,0.5086783955208294
0.3701,0.808,1.0,1.0,0.9971473410946581,-0.8398737366514613,0.5076093592392206
0.3711,0.809,1.0,1.0,0.9999033418467097,-1.2042820822393927,0.5060168595592817
0.3721,0.808,1.0,1.0,0.9992836905998199,-0.7030957103355484,0.49707459347731453
0.3731,0.838,1.0,1.0,0.9999461421245829,-0.7658696478039185,0.5206612310798713
0.3741,0.811,1.0,1.0,0.9980965980447122,-0.8695440742018267,0.5267360847999988
0.3751,0.824,1.0,1.0,0.9999380351525883,-0.518189336245838,0.5166778590266734
0.3761,0.824,1.0,1.0,0.9998334092395904,-0.6137640055971797,0.5160763775398151
0.3771,0.806,1.0,1.0,0.999312220198218,-1.216970156566128,0.503720041832369
0.3781,0.807,1.0,1.0,0.9994001248031505,-0.5968566535234909,0.4927702504753733
0.3791,0.814,1.0,1.0,0.9995649067780525,-1.4436848111269434,0.5066244571611787
0.3801,0.82,1.0,1.0,0.9998395515437254,-1.165844541585131,0.500738269493255
0.3811,0.823,1.0,1.0,0.9998248265383525,-0.6200684571784748,0.5114390315670804
0.3821,0.812,1.0,1.0,0.9997333012056445,-0.6086412691165002,0.5070232626474429
0.3831,0.838,1.0,1.0,0.9978987820001441,-0.7222565097796078,0.5116145808332272
0.3841,0.806,1.0,1.0,0.9991900566882851,-0.9988511724505175,0.49654435917610446
0.3851,0.818,1.0,1.0,0.9996711573369953,-0.8167555707818953,0.4984107684053244
0.3861,0.801,1.0,1.0,0.997682010408817,-1.246609032564833,0.503577339776803
0.3871,0.81,1.0,1.0,0.9995012279018378,-0.6539709179084159,0.5301891829007677
0.3881,0.808,1.0,1.0,0.9986594610602326,-1.023748529366825,0.48699105306313845
0.3891,0.824,1.0,1.0,0.9986195758015003,-0.6274127793405428,0.5203440300660636
0.3901,0.821,1.0,1.0,0.9984809053333121,-1.0381418393277535,0.49944887771653684
0.3911,0.835,1.0,1.0,0.9992807713623909,-1.026750042901361,0.5013172554230555
0.3921,0.826,1.0,1.0,0.9991591718960254,-0.6880753535961448,0.5041384601377735
0.3931,0.834,1.0,1.0,0.9994064687382783,-0.88217990220451,0.5098607613924433
0.3941,0.825,1.0,1.0,0.9990618479214718,-1.0622006297806792,0.49458163019817997
0.3951,0.817,1.0,1.0,0.9965437909204575,-1.011520403065043,0.5070797575498805
0.3961,0.816,1.0,1.0,0.9990991550724775,-0.9866913126282719,0.5018372758193667
0.3971,0.842,1.0,1.0,0.9992145597812022,-0.9652274572701582,0.5144134270480352
0.3981,0.836,1.0,1.0,0.999101399940841,-0.6432148207435867,0.4987040379688477
0.3991,0.826,1.0,1.0,0.999651388015291,-0.9231910258660333,0.5180022932977325
0.4001,0.838,1.0,1.0,0.9993508247696532,-0.6801323142616436,0.5044452135113999
0.4011,0.82,1.0,1.0,0.9991992793289245,-0.6637457349207279,0.5071667542454978
0.4021,0.826,1.0,1.0,0.9998880695326172,-0.4206087795516621,0.5045933944316736
0.4031,0.828,1.0,1.0,0.9997617905286498,-0.6903807650493554,0.5104914573934932
0.4041,0.833,1.0,1.0,0.9994999431939703,-0.5487274989971329,0.5080136810002209
0.4051,0.83,1.0,1.0,0.9984957772711109,-1.081167419367099,0.4991190996900076
0.4061,0.807,1.0,1.0,0.9989359636535636,-0.6878276788811176,0.48872596508518257
0.4071,0.837,1.0,1.0,0.9995528003011479,-0.333704034980855,0.5235670077245392
0.4081,0.839,1.0,1.0,0.9959654994841582,-0.6108570017088264,0.5097714256388884
0.4091,0.829,1.0,1.0,0.9997853888683138,-0.620983542589606,0.5052997563792128
0.4101,0.833,1.0,1.0,0.999935657743095,-0.6946488040039114,0.4909622051101637
0.4111,0.835,1.0,1.0,0.9995694453533862,-0.7722404602936794,0.507216353508738
0.4121,0.817,1.0,1.0,0.9994545111145409,-1.233180013607571,0.4905273674649953
0.4131,0.837,1.0,1.0,0.9991923065208516,-0.48094800082585554,0.5085505809081228
0.4141,0.843,1.0,1.0,0.9968773822541626,-0.7616820826770333,0.5036209372055119
0.4151,0.851,1.0,1.0,0.9991497473468793,-1.0592616263177859,0.5202016323854439
0.4161,0.839,1.0,1.0,0.9994122057393686,-0.6836256647308031,0.5063908004315038
0.4171,0.835,1.0,1.0,0.997555714106352,-0.6770863990648314,0.5137713595026109
0.4181,0.85,1.0,1.0,0.9995556588435004,-0.7144619288364563,0.512980571684556
0.4191,0.833,1.0,1.0,0.9985745529352981,-1.0983038476658091,0.512169017771928
0.4201,0.853,1.0,1.0,0.999695387276374,-0.7366082141932047,0.5171401542034301
0.4211,0.854,1.0,1.0,0.9979268994303184,-0.44264913048561816,0.5043113121687177
0.4221,0.825,1.0,1.0,0.9993946950297466,-0.6642199806085832,0.4958003642987292
0.4231,0.828,1.0,1.0,0.9998326986228585,-0.43086759712878264,0.506458541540031
0.4241,0.844,1.0,1.0,0.9977263927287048,-0.7314232256879144,0.509628631547341
0.4251,0.84,1.0,1.0,0.9983563614698385,-0.5466953501649038,0.5017152928040369
0.4261,0.842,1.0,1.0,0.999996456367047,-1.064735946043327,0.4965939800873002
0.4271,0.844,1.0,1.0,0.9983464174606042,-0.9911296321384621,0.4947931561188619
0.4281,0.84,1.0,1.0,0.9999159101917501,-0.5282442163434159,0.48688156142407096
0.4291,0.856,1.0,1.0,0.9967363438974942,-0.5444604316858395,0.4930406619863861
0.4301,0.853,1.0,1.0,0.9995395523476069,-0.779743177422055,0.5000208064261397
0.4311,0.822,1.0,1.0,0.9999605804946728,-0.7534366987588507,0.490065029257037
0.4321,0.837,1.0,1.0,0.9996927218059115,-0.712441176075782,0.48828827411734727
0.4331,0.857,1.0,1.0,0.9969039568587583,-0.7640127796656158,0.5003441438311138
0.4341,0.854,1.0,1.0,0.9995021766570645,-0.7797141354678978,0.5147691820536398
0.4351,0.842,1.0,1.0,0.9999769157410197,-0.4867557569324503,0.5030348704557558
0.4361,0.853,1.0,1.0,0.999806362977912,-0.745731154583868,0.5060562525586652
0.4371,0.871,1.0,1.0,0.9997481582976112,-0.5186683876159814,0.5132380621338922
0.4381,0.846,1.0,1.0,0.9959983191396016,-0.5967211425884177,0.5056955752964184
0.4391,0.85,1.0,1.0,0.9991683155143172,-0.6546132194403039,0.511961699620767
0.4401,0.854,1.0,1.0,0.9994809730796788,-0.3773492757690375,0.5054614438114557
0.4411,0.85,1.0,1.0,0.9993963508381654,-0.5388198286655054,0.5015370469855512
0.4421,0.849,1.0,1.0,0.9986162681382476,-0.7885771383619059,0.5060020571295597
0.4431,0.865,1.0,1.0,0.999419626289412,-0.8065137729519061,0.5142215245369414
0.4441,0.851,1.0,1.0,0.9999431161622228,-0.7360786364615741,0.5068755313046786
0.4451,0.846,1.0,1.0,0.9997273829251219,-0.3852528507592618,0.4977788666366389
0.4461,0.859,1.0,1.0,0.9998835725430861,-0.37365389371211394,0.5056401197676907
0.4471,0.857,1.0,1.0,0.9992836158424777,-0.7600907478316332,0.511400273512815
0.4481,0.838,1.0,1.0,0.9989182515424294,-0.8405686183958093,0.5039262205286261
0.4491,0.856,1.0,1.0,0.99963515120309,-0.8322990067173173,0.5082029886933003
0.4501,0.818,1.0,1.0,0.9978224642581032,-0.7757200093382152,0.4644994911244064
0.4511,0.855,1.0,1.0,0.9995329855307977,-1.043097097734755,0.5023042096221805
0.4521,0.855,1.0,1.0,0.9991691310409946,-0.6505226049938533,0.5051525832631704
0.4531,0.85,1.0,1.0,0.9988102961891495,-0.3740553761038767,0.5029076097970399
0.4541,0.844,1.0,1.0,0.9977566800599664,-0.57830717300679,0.48749465107004003
0.4551,0.843,1.0,1.0,0.9996682112592702,-0.4392669412281538,0.5030448680842871
0.4561,0.846,1.0,1.0,0.9993057777575418,-0.6590928062951946,0.49270103127486004
0.4571,0.867,1.0,1.0,0.9985465029361745,-0.6476395120407228,0.503044166573785
0.4581,0.851,1.0,1.0,0.999609753642974,-0.5944501330654306,0.5018327363630084
0.4591,0.84,1.0,1.0,0.9977894166646946,-0.40615033434363684,0.4935319948501201
0.4601,0.861,1.0,1.0,0.999840719972597,-0.4513398908044336,0.5098054342580113
0.4611,0.859,1.0,1.0,0.9998117836472116,-0.6265313497649548,0.4899510302816886
0.4621,0.83,1.0,1.0,0.9999788269582767,-0.4101320823182219,0.49373170248238213
0.4631,0.862,1.0,1.0,0.999189813341879,-0.5263738476635214,0.5012333014751662
0.4641,0.878,1.0,1.0,0.9986900947601578,-0.6866206098627398,0.5184503887288887
0.4651,0.839,1.0,1.0,0.998801656959357,-0.4260073106092905,0.48763248541936416
0.4661,0.835,1.0,1.0,0.9987970462909549,-0.41022105867580744,0.5031878243822432
0.4671,0.874,1.0,1.0,0.9951282268757595,-0.4090668301423031,0.5071637522819084
0.4681,0.861,1.0,1.0,0.9974414850715618,-0.3847400202234604,0.49915070926976335
0.4691,0.863,1.0,1.0,0.9993937629422699,-0.9010904222326307,0.49622295674991307
0.4701,0.869,1.0,1.0,0.9982044283765202,-0.4475475013823488,0.499298802306895
0.4711,0.848,1.0,1.0,0.9985366230267809,-0.43087344036970016,0.4933899880560966
0.4721,0.842,1.0,1.0,0.999853751301269,-0.41460756636638735,0.48034000555217404
0.4731,0.859,1.0,1.0,0.9991930247170238,-0.6542531643894159,0.5160623609354508
0.4741,0.861,1.0,1.0,0.9998394553741773,-0.42626412827274524,0.49016736709154346
0.4751,0.883,1.0,1.0,0.9993419050571365,-0.4435052903063425,0.5065482258440652
0.4761,0.856,1.0,1.0,0.9993068256645912,-0.4214312038493648,0.5065444275878985
0.4771,0.872,1.0,1.0,0.9992292737122457,-0.38638756131772617,0.5084757290390962
0.4781,0.851,1.0,1.0,0.9993686296762285,-0.43335511762673545,0.5015542531970559
0.4791,0.865,1.0,1.0,0.9999586273750352,-0.4407210216007838,0.5016761926161069
0.4801,0.866,1.0,1.0,0.999825070960365,-0.4233668917450781,0.49936477214407876
0.4811,0.872,1.0,1.0,0.9986093870187754,-0.3640981199496302,0.5084102639112029
0.4821,0.877,1.0,1.0,0.9983720976282026,-0.1490384448459099,0.505260959850415
0.4831,0.863,1.0,1.0,0.998188151451362,-0.42157355290523235,0.4910686453464778
0.4841,0.866,1.0,1.0,0.9998794496371899,-0.45327921979221364,0.5136661417386613
0.4851,0.871,1.0,1.0,0.9998015717308119,-0.39952131500818266,0.49955919076215727
0.4861,0.859,1.0,1.0,0.9990270070699958,-0.4370129325202047,0.4878651950926317
0.4871,0.878,1.0,1.0,0.9996243610905061,-0.3536295014361991,0.5208444172428652
0.4881,0.843,1.0,1.0,0.9996870481849774,-0.47506590007411076,0.4802582609673799
0.4891,0.882,1.0,1.0,0.9992185649351527,-0.4767377158187145,0.5040741857073744
0.4901,0.879,1.0,1.0,0.9993638411166269,-0.4682293169395074,0.505100917194927
0.4911,0.849,1.0,1.0,0.9997065550710356,-0.17287156105968804,0.4988257477443047
0.4921,0.874,1.0,1.0,0.9997654115577097,-0.3968761459274698,0.5081665442622731
0.4931,0.879,1.0,1.0,0.9980444477600839,-0.4688075667335412,0.5140874156142803
0.4941,0.876,1.0,1.0,0.999473650342087,-0.029844852188144144,0.4953438724845766
0.4951,0.871,1.0,1.0,0.9985505529298799,-0.305320467475815,0.49861505100898046
0.4961,0.893,1.0,1.0,0.9975566588406856,-0.22146444562580936,0.505544837644061
0.4971,0.896,1.0,1.0,0.9999429480168155,-0.28890819190863426,0.5043293712684394
0.4981,0.874,1.0,1.0,0.9993535828615094,-0.45587947365615744,0.5051013890037277
0.4991,0.877,1.0,1.0,0.9985246240534853,0.005802001166380855,0.5053292700543993
0.5001,0.866,1.0,1.0,0.9988083228471838,0.0015980352177591417,0.5061598350629108
0.5011,0.877,1.0,1.0,0.9998135917438176,0.00019606052205922708,0.49881525776893765
0.5021,0.872,1.0,1.0,0.9996664643725603,2.4422152638980954e-05,0.4759601513981844
0.5031,0.879,1.0,1.0,0.9994273157323154,0.0008404148055438654,0.5064569610186695
0.5041,0.881,1.0,1.0,0.9998224590439074,0.00012847993338727104,0.5044251918004986
0.5051,0.886,1.0,1.0,0.9994284952837088,0.0006412760723927269,0.49321217608580387
0.5061,0.895,1.0,1.0,0.9989476607859692,2.6371800971092263e-05,0.5094607372701231
0.5071,0.874,1.0,1.0,0.9996742126102924,0.0002785460742330548,0.5007312755119231
0.5081,0.892,1.0,1.0,0.9978046829081282,0.0008699126688828107,0.4988806051472138
0.5091,0.902,1.0,1.0,0.9982090476993433,0.0008259241335243361,0.5004516418437452
0.5101,0.865,1.0,1.0,0.9987244023604145,0.00013135551638177034,0.4850997713520915
0.5111,0.888,1.0,1.0,0.9988760119286946,0.0005928519151886524,0.48808229390776703
0.5121,0.899,1.0,1.0,0.9975464795209076,0.0010589815346406795,0.5039290946048769
0.5131,0.873,1.0,1.0,0.9997225696937001,0.0008280181810980114,0.5007780365082508
0.5141,0.899,1.0,1.0,0.9981447374810748,0.0009498351401183713,0.49371490851396055
0.5151,0.875,1.0,1.0,0.9976972887155764,0.0021524681628919407,0.5002884202361426
0.5161,0.863,1.0,1.0,0.9999759841440984,0.00020940341421271658,0.5018584351132404
0.5171,0.881,1.0,1.0,0.9997389665609921,0.0009659788399210001,0.5095998279998457
0.5181,0.88,1.0,1.0,0.9998845190805717,0.0001344888788472609,0.5120703986103822
0.5191,0.876,1.0,1.0,0.9988089483950607,0.0007962718413259129,0.5015019360712727
0.5201,0.883,1.0,1.0,0.9987011246465307,0.002799389143891773,0.4884648718178716
0.5211,0.882,1.0,1.0,0.9980213678342793,0.00020174341810241803,0.4787075305742963
0.5221,0.878,1.0,1.0,0.9969975095852789,0.00040003544137667824,0.4973816101834891
0.5231,0.869,1.0,1.0,0.9984324103209784,0.0003426606215544137,0.488569904681894
0.5241,0.895,1.0,1.0,0.999012445469386,0.0009229954317462319,0.5107358278907737
0.5251,0.888,1.0,1.0,0.9998932333802882,0.00015719621568144326,0.4974533232358746
0.5261,0.89,1.0,1.0,0.9980449649623819,1.4126695601968109e-05,0.5083892814285412
0.5271,0.872,1.0,1.0,0.9995674463356429,6.6869536423652676e-06,0.49529642078674363
0.5281,0.91,1.0,1.0,0.9993844951948815,0.0002947531175200302,0.501039606571939
0.5291,0.881,1.0,1.0,0.9995223653943424,0.0007170618694919417,0.49105264353207184
0.5301,0.873,1.0,1.0,0.9995765707598475,0.0023447586959153277,0.4929422332105512
0.5311,0.889,1.0,1.0,0.9985883058677456,0.0010160144663151627,0.4980239157275904
0.5321,0.905,1.0,1.0,0.9987928936482698,7.391486758867583e-05,0.4929748639381048
0.5331,0.893,1.0,1.0,0.9995246020541149,6.680651210178024e-05,0.4942561200298266
0.5341,0.901,1.0,1.0,0.9996735604222546,0.0011146408212583392,0.49991360519207517
0.5351,0.9,1.0,1.0,0.9989492463371581,0.0001599680705555162,0.48981541893733416
0.5361,0.896,1.0,1.0,0.9982848805206911,0.0005113311707656276,0.5113345160923178
0.5371,0.895,1.0,1.0,0.9995306273977416,0.002066267015239265,0.4924146590087547
0.5381,0.891,1.0,1.0,0.9997644324367382,0.0004897317491427966,0.495118651247044
0.5391,0.901,1.0,1.0,0.9998098087030671,0.001231493784552895,0.5115391401521612
0.5401,0.88,1.0,1.0,0.9992308163415251,0.0010329549100753788,0.4948072830236291
0.5411,0.892,1.0,1.0,0.9979281838911093,9.990633930256898e-06,0.4975717746994063
0.5421,0.893,1.0,1.0,0.9989222443459959,0.00048327554721450117,0.49987834633419076
0.5431,0.892,1.0,1.0,0.9996563949124975,6.342163186157102e-05,0.4964631279601516
0.5441,0.897,1.0,1.0,0.9990443273283313,0.0019166398874629342,0.50314208417966
0.5451,0.897,1.0,1.0,0.9988362293316596,0.0011697520780181714,0.4957071421349567
0.5461,0.895,1.0,1.0,0.9986624796082565,8.966294739709557e-05,0.5173333846840619
0.5471,0.894,1.0,1.0,0.9999185555370996,0.0012941932449693772,0.5013153961004518
0.5481,0.884,1.0,1.0,0.9991019688364822,0.0018818245455064497,0.4933604556558876
0.5491,0.915,1.0,1.0,0.9992213555981897,8.228772594653933e-06,0.5131903139545753
0.5501,0.896,1.0,1.0,0.9997707323151391,0.0001943306174805315,0.48901855174405495
0.5511,0.915,1.0,1.0,0.9992678944344218,0.0027401555309394254,0.513726063049568
0.5521,0.894,1.0,1.0,0.997532570634563,2.7282160874220196e-05,0.49018524698849375
0.5531,0.882,1.0,1.0,0.998454106280897,0.0004271278806335932,0.49142373717377213
0.5541,0.901,1.0,1.0,0.9996393379551017,0.0007051639684300115,0.5115803748430642
0.5551,0.885,1.0,1.0,0.9999617742773607,0.003950146595758097,0.49874412808055446
0.5561,0.871,1.0,1.0,0.9990860265001932,0.0010084352309910338,0.4929005241598914
0.5571,0.892,1.0,1.0,0.9999191629816818,0.0002230831662138888,0.492353759524745
0.5581,0.909,1.0,1.0,0.9996666186917937,4.656314230022662e-05,0.49649893817214574
0.5591,0.903,1.0,1.0,0.9970556393250184,0.002606544092254137,0.4998926365386131
0.5601,0.906,1.0,1.0,0.999397876373724,0.0005906206978364414,0.5148370965429917
0.5611,0.883,1.0,1.0,0.9986881611160588,0.0014424266828043653,0.4836394426032505
0.5621,0.928,1.0,1.0,0.9985781001560333,0.00030007388748076735,0.5005773264962012
0.5631,0.905,1.0,1.0,0.9997424786688046,0.0006187829760661012,0.496256716876918
0.5641,0.897,1.0,1.0,0.9974055471151038,0.0013838013216652678,0.48750000390245235
0.5651,0.897,1.0,1.0,0.9991246707468642,0.0011937740638917615,0.4808171689400829
0.5661,0.902,1.0,1.0,0.9971380522414497,0.0009355477829176007,0.49396379774385923
0.5671,0.913,1.0,1.0,0.9998854925420002,0.0011897229254356212,0.49935502752559774
0.5681,0.901,1.0,1.0,0.9985216120543916,0.00048424448395556485,0.4983430937601768
0.5691,0.914,1.0,1.0,0.9995085085141433,0.0004544300060281836,0.5072948522014693
0.5701,0.905,1.0,1.0,0.9995125133731214,0.0003391247046257151,0.4929816766210494
0.5711,0.916,1.0,1.0,0.9992164590763384,0.00012010954882613056,0.5001283146871449
0.5721,0.904,1.0,1.0,0.9995632456819247,0.0001926478744557203,0.4900930872404696
0.5731,0.905,1.0,1.0,0.9972687884364603,0.001487196107694877,0.49410879828618365
0.5741,0.927,1.0,1.0,0.9996578153128942,0.00048563924954847515,0.5117188657698983
0.5751,0.906,1.0,1.0,0.9989904276445187,0.001961475603201479,0.5079517594743539
0.5761,0.895,1.0,1.0,0.9994074044537177,0.0004846571676448974,0.48863293250959633
0.5771,0.907,1.0,1.0,0.9987443628431738,0.00036136007856479857,0.4957439858561324
0.5781,0.92,1.0,1.0,0.9986151061322446,0.0006357380410948466,0.498781469398106
0.5791,0.915,1.0,1.0,0.9992718179957621,0.00010245192265045944,0.4971634983541954
0.5801,0.914,1.0,1.0,0.9999779636152417,0.0008211608093728895,0.5066170584063395
0.5811,0.91,1.0,1.0,0.9991839111769778,7.071588366824866e-05,0.502566338826621
0.5821,0.923,1.0,1.0,0.9986591454894574,0.00012884885338604324,0.49518515703505794
0.5831,0.925,1.0,1.0,0.9996999434173637,0.002189203311114163,0.5017679923238165
0.5841,0.895,1.0,1.0,0.9966168595946056,0.0024885374032271868,0.49945761658458243
0.5851,0.921,1.0,1.0,0.9998278054720722,0.0004226232050565937,0.5010923420907046
0.5861,0.924,1.0,1.0,0.9992435946495795,0.00022008390220840113,0.5106143922106112
0.5871,0.905,1.0,1.0,0.9988374507489671,0.0005976089872228307,0.47592074717398974
0.5881,0.909,1.0,1.0,0.9981965338136454,0.0001372715531662294,0.5057796994637599
0.5891,0.904,1.0,1.0,0.9999126703256084,0.000541202154921705,0.5030830394091362
0.5901,0.897,1.0,1.0,0.9997660441417241,0.0006121421880360689,0.48700817710423894
0.5911,0.91,1.0,1.0,0.9996577078402186,0.0003350323966758717,0.4946213984786188
0.5921,0.901,1.0,1.0,0.9986173497567884,0.000740605114147419,0.5049842289903874
0.5931,0.928,1.0,1.0,0.9994598395873289,0.0007567932009170386,0.5092985095442996
0.5941,0.905,1.0,1.0,0.9983659011346389,0.0004059579373446587,0.49013500641345614
0.5951,0.906,1.0,1.0,0.9994399655152504,3.6691450244430435e-05,0.48048505822375914
0.5961,0.93,1.0,1.0,0.999795299939242,0.00042296823484655466,0.5193838467339962
0.5971,0.906,1.0,1.0,0.9989256042306037,0.0009012555638840958,0.4887899701643896
0.5981,0.913,1.0,1.0,0.9960389223999769,0.00040531322909531653,0.5007003434877533
0.5991,0.936,1.0,1.0,0.9997496419179409,0.0040600506136154735,0.5044540381908561
0.6001,0.919,1.0,1.0,0.9997493567764223,0.0011383181459916347,0.5070106062282022
0.6011,0.928,1.0,1.0,0.9986555727500527,0.00035629298217776384,0.5069928813131291
0.6021,0.914,1.0,1.0,0.999393877793958,0.001154635205279586,0.5065895684258301
0.6031,0.917,1.0,1.0,0.9970868129528843,5.916187919863258e-05,0.4909679978815879
0.6041,0.929,1.0,1.0,0.9998108393967292,0.00029693801271046816,0.5026195159968346
0.6051,0.911,1.0,1.0,0.9989473934182581,0.0014432714451019235,0.5120747238568977
0.6061,0.921,1.0,1.0,0.9998784242317967,0.0022693289502105918,0.4969906618946719
0.6071,0.92,1.0,1.0,0.9993664089664543,0.0006936183125052509,0.4844088995582911
0.6081,0.938,1.0,1.0,0.9991939454487658,0.0010672771439408368,0.4998884681558965
0.6091,0.931,1.0,1.0,0.9978117759241272,0.0006936177580784131,0.49489480970877603
0.6101,0.922,1.0,1.0,0.9993583758085165,0.0007816662732510471,0.494717013395584
0.6111,0.925,1.0,1.0,0.9996904839790162,0.0008393889036156787,0.4989304090914676
0.6121,0.92,1.0,1.0,0.9941424595482619,0.0001751119599443518,0.49109491031396885
0.6131,0.928,1.0,1.0,0.9997540025217458,0.0002537115012541946,0.4920130576348879
0.6141,0.925,1.0,1.0,0.9986784447699559,0.0004056786527001366,0.4991657499877008
0.6151,0.927,1.0,1.0,0.9983057817846104,0.002210416731205811,0.4926826613170014
0.6161,0.933,1.0,1.0,0.9999318355453359,0.0008699143862409553,0.48875727270854724
0.6171,0.927,1.0,1.0,0.9983103249496507,0.000309074051386915,0.4966724422430734
0.6181,0.922,1.0,1.0,0.9989302658677257,0.001778971039614774,0.5059347893979422
0.6191,0.933,1.0,1.0,0.9999317607235241,0.0003210247919159803,0.5048265780304912
0.6201,0.93,1.0,1.0,0.9980212469644826,0.0010492620292428256,0.49085267758536166
0.6211,0.939,1.0,1.0,0.9957304691694205,1.4434892117165532e-06,0.48374010285902236
0.6221,0.931,1.0,1.0,0.9990367788004434,0.00033941470617981917,0.49231241980105805
0.6231,0.926,1.0,1.0,0.9963290833852676,5.504967030689478e-05,0.4934783332828835
0.6241,0.942,1.0,1.0,0.9980950530741931,0.00235601127698315,0.5063975822619384
0.6251,0.926,1.0,1.0,0.9998117665600291,0.0021429060703016534,0.5050795202861961
0.6261,0.922,1.0,1.0,0.9992501124510276,0.0016263664216443763,0.5006430554913135
0.6271,0.929,1.0,1.0,0.9986286156167951,0.00024696986422600986,0.4899086611910776
0.6281,0.941,1.0,1.0,0.9988641877336222,5.31882184980903e-05,0.502536315572834
0.6291,0.912,1.0,1.0,0.9992162951189766,0.001320166740954476,0.4975252249198102
0.6301,0.932,1.0,1.0,0.99976384084021,0.00019230598862673975,0.49611726987897364
0.6311,0.935,1.0,1.0,0.9984127443838423,0.001046796477779166,0.5044030049709551
0.6321,0.943,1.0,1.0,0.9999030900647183,0.0014546153814807283,0.4978987479288733
0.6331,0.936,1.0,1.0,0.9997480735481428,0.0005108113673818471,0.5060771388005841
0.6341,0.931,1.0,1.0,0.9992250957762758,8.956867393561385e-05,0.5003153200927479
0.6351,0.94,1.0,1.0,0.999961739890074,0.0025221550583875985,0.5037498408554494
0.6361,0.929,1.0,1.0,0.999732720506923,0.0004813037869513259,0.49911580721133675
0.6371,0.945,1.0,1.0,0.9995455187837471,0.0007846603844474664,0.49342981209198533
0.6381,0.934,1.0,1.0,0.9991348962870812,0.0022945913367768966,0.5195990298735699
0.6391,0.915,1.0,1.0,0.9997437445192253,0.0010130145871464213,0.49778706774300663
0.6401,0.937,1.0,1.0,0.9999104979837145,0.0018022009595457522,0.5077810503853694
0.6411,0.938,1.0,1.0,0.9991985339303893,0.000948541688254978,0.5049792666674899
0.6421,0.941,1.0,1.0,0.9996662051655529,0.0009694720518504951,0.5083918412629559
0.6431,0.94,1.0,1.0,0.9994072367132713,0.0015689585509314208,0.502928146231564
0.6441,0.951,1.0,1.0,0.9987201770745251,0.0001593271807253105,0.4915496709667879
0.6451,0.952,1.0,1.0,0.9999931167029854,0.001479219517831365,0.5039958795251976
0.6461,0.937,1.0,1.0,0.9986295711024299,0.0018385093677374398,0.5115942855538329
0.6471,0.949,1.0,1.0,0.99782255100003,0.0020344489461046056,0.5070459572223863
0.6481,0.939,1.0,1.0,0.9998704047006279,9.970167509654182e-05,0.5013430547213461
0.6491,0.933,1.0,1.0,0.9990940388618689,0.00041474661660168,0.5036727539322451
0.6501,0.933,1.0,1.0,0.9997885929008561,0.00041635513069360197,0.5006297124115898
0.6511,0.944,1.0,1.0,0.9998124854795964,5.62543556581474e-06,0.49633923348316566
0.6521,0.929,1.0,1.0,0.9997389406260554,0.0003949814513253269,0.490011077729598
0.6531,0.951,1.0,1.0,0.9980062986556529,0.0005959222405516051,0.4885453422576877
0.6541,0.938,1.0,1.0,0.9982521579471334,0.0014485034077547088,0.5046514630042328
0.6551,0.946,1.0,1.0,0.9998924518486444,0.00047170440429633587,0.49604503722412974
0.6561,0.955,1.0,1.0,0.9997642348893441,0.0009323398643998893,0.5069468335199768
0.6571,0.945,1.0,1.0,0.9983336527419143,0.00035872323252683636,0.5227763384019454
0.6581,0.937,1.0,1.0,0.9992694847105678,7.246781297709504e-06,0.512986006011887
0.6591,0.941,1.0,1.0,0.9991941386835816,0.0010043754154474005,0.4986078892354033
0.6601,0.948,1.0,1.0,0.9994596118564051,0.00021237974290777561,0.5088173574351035
0.6611,0.955,1.0,1.0,0.9999490711126618,4.747586848763419e-06,0.5030037973072962
0.6621,0.944,1.0,1.0,0.999180744756014,0.0022710624862927187,0.5074481451441383
0.6631,0.928,1.0,1.0,0.9980657912547263,0.0012261615268982506,0.4872216376031982
0.6641,0.94,1.0,1.0,0.9994026796268909,0.0008556608378336161,0.5001950125892878
0.6651,0.944,1.0,1.0,0.9993666949251093,0.0004997031996957224,0.49921565868123385
0.6661,0.945,1.0,1.0,0.9974867173691578,0.00043292909752978836,0.5014854527130435
0.6671,0.945,1.0,1.0,0.9970132803049706,0.0001507071165810503,0.5031067973784469
0.6681,0.943,1.0,1.0,0.9981481674344147,0.0006662944008131166,0.5035025742322087
0.6691,0.953,1.0,1.0,0.9975749897474013,0.00019123682197852432,0.5053485059482398
0.6701,0.947,1.0,1.0,0.9987110246464322,0.0016183338563064975,0.5056386812483437
0.6711,0.948,1.0,1.0,0.999506250473024,0.0021380779370180347,0.5116663839026736
0.6721,0.951,1.0,1.0,0.9995184775049911,0.0013472441050064177,0.5094327758524365
0.6731,0.956,1.0,1.0,0.9994830261391913,0.0034884970260418147,0.504205266511147
0.6741,0.95,1.0,1.0,0.9979472390779563,0.004086537002396473,0.515903746558716
0.6751,0.934,1.0,1.0,0.9996375645719825,2.67775980929974e-05,0.4959704467783546
0.6761,0.936,1.0,1.0,0.999602985980359,7.917113006350451e-05,0.48693735949386635
0.6771,0.947,1.0,1.0,0.9987692669184558,0.00016642328389893102,0.47762489654934215
0.6781,0.937,1.0,1.0,0.9995188793990366,0.00023713594678642647,0.4792228634155156
0.6791,0.949,1.0,1.0,0.9992624055516847,0.002586848271446396,0.4948452761767021
0.6801,0.952,1.0,1.0,0.9993315784560669,0.002226574427528605,0.5116010726257089
0.6811,0.95,1.0,1.0,0.999012307499109,0.0025305147059349054,0.4951709644583167
0.6821,0.947,1.0,1.0,0.9993500499120265,0.0001731938006331868,0.5014348193556225
0.6831,0.943,1.0,1.0,0.9994093411538292,0.0001531348187049364,0.49324742081162193
0.6841,0.954,1.0,1.0,0.997819183753287,0.0023471299318691408,0.4961658845799853
0.6851,0.95,1.0,1.0,0.9987553501667117,0.0004345525975234521,0.49594599183624005
0.6861,0.964,1.0,1.0,0.9998323194102156,0.0006477934900723792,0.5227502057868378
0.6871,0.955,1.0,1.0,0.9993249003909864,0.0024395156113961036,0.516074553502886
0.6881,0.967,1.0,1.0,0.9997929840379085,0.0003608421212932811,0.502216373643793
0.6891,0.956,1.0,1.0,0.9991876780402655,0.0015151364281813517,0.500755053870702
0.6901,0.937,1.0,1.0,0.9992611667288093,0.0011929390569872522,0.5100649939845823
0.6911,0.957,1.0,1.0,0.9984884824307082,5.331090891569357e-05,0.49840121518401764
0.6921,0.955,1.0,1.0,0.9997491644199411,0.0006646200937372448,0.4981756376735247
0.6931,0.962,1.0,1.0,0.9997161464193741,0.0011591654180335142,0.48724442578373983
0.6941,0.95,1.0,1.0,0.9971319827721894,0.00022821417415996859,0.4832126976390988
0.6951,0.945,1.0,1.0,0.9993271396020638,0.0016860008337570287,0.5178769260538421
0.6961,0.951,1.0,1.0,0.9998063568911738,3.8633650267350106e-05,0.4916185905461398
0.6971,0.946,1.0,1.0,0.9954525100383501,0.0008089345051532915,0.506629259822202
0.6981,0.953,1.0,1.0,0.999017331021005,0.00011004506239364886,0.48499277243626576
0.6991,0.963,1.0,1.0,0.9998852620411419,0.0011005478946165548,0.4930646103903523
0.7001,0.955,1.0,1.0,0.9999611003168973,6.90671352449046e-05,0.5041217284662243
0.7011,0.965,1.0,1.0,0.9989141110106489,0.0001395290210411959,0.5030876344775334
0.7021,0.946,1.0,1.0,0.9998172354021632,0.0004517156899244146,0.5059050664086195
0.7031,0.969,1.0,1.0,0.9983224345798375,8.396340890637344e-05,0.49429202976465314
0.7041,0.955,1.0,1.0,0.9998830712027257,0.0005844991349782669,0.5042305630739057
0.7051,0.957,1.0,1.0,0.9995875459286949,0.001137230709742143,0.5005017633133332
0.7061,0.96,1.0,1.0,0.9986959796433054,0.00014187921813924032,0.49483556675218143
0.7071,0.956,1.0,1.0,0.9999888185143863,0.00033941609424925634,0.4830816888741573
0.7081,0.957,1.0,1.0,0.9978023934724062,0.0028058289918403423,0.5061304566690538
0.7091,0.96,1.0,1.0,0.9988714934656531,0.0008600437986624465,0.4874759387734429
0.7101,0.955,1.0,1.0,0.9989822327852729,0.00010257716991235455,0.5044297609291812
0.7111,0.957,1.0,1.0,0.9988045038388915,0.000859259106387289,0.4872913857857258
0.7121,0.967,1.0,1.0,0.9997953129056927,0.00016213032456746657,0.5037616613094147
0.7131,0.962,1.0,1.0,0.9997233925938642,0.001055431447772981,0.5066052392006176
0.7141,0.961,1.0,1.0,0.9985447383071948,8.921136173933863e-05,0.48989727753097473
0.7151,0.959,1.0,1.0,0.9997980811685393,0.0006909186445881454,0.5141329442291798
0.7161,0.961,1.0,1.0,0.9988876641364418,0.00044671051886058244,0.5030103574641196
0.7171,0.965,1.0,1.0,0.9990439666668023,0.00128695609323215,0.5077845004100117
0.7181,0.973,1.0,1.0,0.9994880908274171,0.0012980921075029794,0.49694679473774295
0.7191,0.962,1.0,1.0,0.9988195989447844,0.0004999132588829891,0.49474322339439986
0.7201,0.964,1.0,1.0,0.9999212412194095,0.0020651812294012473,0.500284452712988
0.7211,0.959,1.0,1.0,0.9990763320438119,0.00033361081903338086,0.5163073370863873
0.7221,0.954,1.0,1.0,0.9987241045264226,0.0009361544893126128,0.5126393897251117
0.7231,0.964,1.0,1.0,0.9989559864476893,0.0006874518036574795,0.49828525845889154
0.7241,0.958,1.0,1.0,0.9988209436165861,4.7269678330907894e-05,0.5024997014035738
0.7251,0.959,1.0,1.0,0.9985229360779467,0.0008388719995436889,0.5008540108499393
0.7261,0.951,1.0,1.0,0.9995324384758456,0.0007238166863443585,0.5009163068822994
0.7271,0.949,1.0,1.0,0.9990778551791003,0.00026667354131670873,0.49874051948343245
0.7281,0.966,1.0,1.0,0.9994565440408899,0.0001991101544660534,0.5038018331048802
0.7291,0.975,1.0,1.0,0.9966802446939975,0.001985868162518445,0.5134289265667694
0.7301,0.96,1.0,1.0,0.9981098127594221,0.00030296981894928354,0.49001414431452245
0.7311,0.962,1.0,1.0,0.999771168062192,0.0026982358102015658,0.5014037751264133
0.7321,0.964,1.0,1.0,0.9987908822928713,7.554638091911148e-05,0.49372370955915557
0.7331,0.974,1.0,1.0,0.9999555026334346,0.0005243544383624066,0.49699813941472537
0.7341,0.961,1.0,1.0,0.9984690528983422,0.00031324119238651527,0.4819107253385307
0.7351,0.977,1.0,1.0,0.9987890671269288,7.620625677606796e-06,0.4949550217233854
0.7361,0.973,1.0,1.0,0.9991324985151008,0.00020927403956982893,0.5032484834269656
0.7371,0.974,1.0,1.0,0.9983834528719053,0.0005697951994722006,0.5034784539200706
0.7381,0.964,1.0,1.0,0.9997950586485477,5.070902803072652e-05,0.5083132146262181
0.7391,0.971,1.0,1.0,0.9995854375005709,0.0001213993565631899,0.5041591458835238
0.7401,0.964,1.0,1.0,0.9996465476947831,0.000607537933640323,0.5113504891582945
0.7411,0.957,1.0,1.0,0.9987063123185431,0.0025899889323804937,0.5175896144546409
0.7421,0.957,1.0,1.0,0.9998422675710313,0.0009689739838966149,0.48694307845226664
0.7431,0.95,1.0,1.0,0.9994877838584121,0.0025707628893690826,0.4827214357046549
0.7441,0.97,1.0,1.0,0.9998079442503982,0.001500610022962534,0.5037163758371275
0.7451,0.969,1.0,1.0,0.9979478070557054,0.0005016759217217892,0.5078276275463116
0.7461,0.973,1.0,1.0,0.9992437753503971,0.0005717530908636581,0.5065381926966939
0.7471,0.973,1.0,1.0,0.9993839806399994,0.0006408694136832427,0.5135882824201855
0.7481,0.967,1.0,1.0,0.9996115995551017,0.00033774463356761597,0.4922217637248311
0.7491,0.978,1.0,1.0,0.99949927707832,0.0009286239185315459,0.5052141746055644
0.7501,0.967,1.0,1.0,0.9994695513244575,0.002373553261780792,0.5164651112058848
0.7511,0.968,1.0,1.0,0.9988248476681004,0.0007965057121926966,0.4939005337095923
0.7521,0.973,1.0,1.0,0.9998131589364699,0.0010030880459297453,0.4996142781951871
0.7531,0.963,1.0,1.0,0.9998940426758054,0.0011263224522775062,0.504172444527446
0.7541,0.958,1.0,1.0,0.9993771181626383,0.0006339027853938806,0.5101300175856983
0.7551,0.987,1.0,1.0,0.999560037641895,0.0001226960756230966,0.5155874373463438
0.7561,0.975,1.0,1.0,0.9999618365795525,0.00039566562397619354,0.49308071683610927
0.7571,0.974,1.0,1.0,0.9976817413790249,4.612515769397696e-05,0.5019884179338563
0.7581,0.973,1.0,1.0,0.9999490018167607,0.0010590879330369951,0.4929898666616007
0.7591,0.977,1.0,1.0,0.9997515375334373,0.0022371213729204253,0.4977348392957479
0.7601,0.984,1.0,1.0,0.9996401929995515,0.0004619892268126202,0.49911533783187806
0.7611,0.98,1.0,1.0,0.9991609006591983,0.0014042096395459058,0.49908125391231345
0.7621,0.966,1.0,1.0,0.9992937636978207,0.0016074662927484384,0.5145316059278666
0.7631,0.973,1.0,1.0,0.9998846563353412,0.0010485898424890117,0.5070652946867272
0.7641,0.959,1.0,1.0,0.9993456488118411,0.0007497098375680578,0.5026484784815454
0.7651,0.98,1.0,1.0,0.9995553466213466,0.001325790373584268,0.4935877366358592
0.7661,0.979,1.0,1.0,0.9999082317084846,0.0007399554575964196,0.5002623084335857
0.7671,0.968,1.0,1.0,0.9976945947394459,0.0001253385006824148,0.509266387413707
0.7681,0.981,1.0,1.0,0.9996244531416749,0.0007823689423543945,0.5179231814900497
0.7691,0.97,1.0,1.0,0.9995445752797482,0.0002785774415549058,0.4899369183881502
0.7701,0.974,1.0,1.0,0.9996672727324427,0.0010196509447903956,0.4955812846597921
0.7711,0.979,1.0,1.0,0.9999620152936755,0.0015527155348509236,0.49944430887829905
0.7721,0.978,1.0,1.0,0.9978163621682464,0.002604613851748039,0.511151757717429
0.7731,0.973,1.0,1.0,0.9997059322000177,0.00045974557568095875,0.5131534395057229
0.7741,0.981,1.0,1.0,0.9984951434284118,0.0001766663978725047,0.4987943385623421
0.7751,0.977,1.0,1.0,0.9971739335438399,0.00029532591278180753,0.5080676218423656
0.7761,0.973,1.0,1.0,0.9997375191805582,0.0006451642468556784,0.5020984064267072
0.7771,0.975,1.0,1.0,0.999433563239323,0.00011574975172679025,0.5132008474084743
0.7781,0.966,1.0,1.0,0.999392292876066,0.00037393862385237675,0.4855612495765282
0.7791,0.971,1.0,1.0,0.9999682726339708,0.0019403137515457969,0.49947963325348915
0.7801,0.975,1.0,1.0,0.9990808993170951,0.0009159366675846048,0.506747242372635
0.7811,0.977,1.0,1.0,0.9986459362198778,0.0005144398159795394,0.48866059422251384
0.7821,0.977,1.0,1.0,0.999195265616125,0.0025105818677229053,0.5157854658808074
0.7831,0.977,1.0,1.0,0.9997784095240114,0.0023790109057986175,0.5043015076062006
0.7841,0.98,1.0,1.0,0.9989381521196171,0.0002289348425356108,0.5122982885671636
0.7851,0.98,1.0,1.0,0.9993367102880938,0.0019108758475422372,0.4862715780553208
0.7861,0.976,1.0,1.0,0.9987182577423357,0.0005880795384400894,0.5008676773493752
0.7871,0.971,1.0,1.0,0.9995059464679924,0.00016193616129911437,0.5059926839070154
0.7881,0.979,1.0,1.0,0.9998069361106637,0.0014025575753862096,0.4983765501376344
0.7891,0.981,1.0,1.0,0.9997575430040255,0.003960660854885778,0.49817293321927697
0.7901,0.975,1.0,1.0,0.9990906301093305,0.0008317071661100295,0.5133600605465489
0.7911,0.973,1.0,1.0,0.9990329117678061,0.001342455804725251,0.4841185912489477
0.7921,0.973,1.0,1.0,0.9997971582917133,0.00014951207543134615,0.5070728264941785
0.7931,0.982,1.0,1.0,0.9988676973159335,0.0001937567454644018,0.5131850171202428
0.7941,0.98,1.0,1.0,0.9990753528314038,0.0013738721734170012,0.4919848167225343
0.7951,0.981,1.0,1.0,0.9992551293100106,0.0008211498490072744,0.5030651617011414
0.7961,0.975,1.0,1.0,0.9994060729580897,0.0003211229991046949,0.4978556232675064
0.7971,0.98,1.0,1.0,0.9979587288352342,0.0034312556569797703,0.4945299659482274
0.7981,0.985,1.0,1.0,0.9982967280309912,0.0006898103808666844,0.48671200152605204
0.7991,0.985,1.0,1.0,0.9992368475183149,0.00023045438686786213,0.5007534783454796
0.8001,0.972,1.0,1.0,0.9978510181240821,5.819730564782244e-05,0.5065381081193592
0.8011,0.987,1.0,1.0,0.9997633341187361,0.0024466116063481813,0.5081454364039457
0.8021,0.984,1.0,1.0,0.9980273870947899,0.0015724606528780827,0.49574381500011183
0.8031,0.989,1.0,1.0,0.9997906864023122,0.0010522283486682493,0.49938808876020224
0.8041,0.977,1.0,1.0,0.9962651363596845,0.0024390652333774465,0.48806913539457225
0.8051,0.987,1.0,1.0,0.9990994059042455,0.001815979416603164,0.49673410528628326
0.8061,0.984,1.0,1.0,0.99971562571769,0.0007927409168489996,0.4852448748758833
0.8071,0.988,1.0,1.0,0.999453499462888,0.0007035136406242648,0.494409468978829
0.8081,0.982,1.0,1.0,0.9998913869378306,0.0015943079392926052,0.4991028715819517
0.8091,0.981,1.0,1.0,0.998451495613034,0.0011101152280000859,0.498266075743684
0.8101,0.972,1.0,1.0,0.9989165653423647,0.00016810096952923903,0.4921260834634081
0.8111,0.985,1.0,1.0,0.9983029556636412,0.001438696382068727,0.503321594881955
0.8121,0.989,1.0,1.0,0.9973301180117264,0.0002473269261008548,0.5002890285256051
0.8131,0.976,1.0,1.0,0.9995148240418509,0.0019014175555722712,0.49790354062907666
0.8141,0.983,1.0,1.0,0.9988335025813699,0.00019332281675565888,0.49684595777730134
0.8151,0.98,1.0,1.0,0.9998565806456385,4.78831073431607e-05,0.508499526364743
0.8161,0.98,1.0,1.0,0.999838844153271,0.0004022511840884313,0.49329935387568935
0.8171,0.981,1.0,1.0,0.9995785016808193,0.00027184084971554334,0.4997783262225638
0.8181,0.979,1.0,1.0,0.9998444369574633,3.653900113753661e-05,0.49537578855098263
0.8191,0.984,1.0,1.0,0.9999771411609155,0.002096865753714372,0.5038296133279482
0.8201,0.983,1.0,1.0,0.9996182772865723,0.000294994564011386,0.5060435946107316
0.8211,0.984,1.0,1.0,0.9996089679894141,0.0002327956251186869,0.5044160802668509
0.8221,0.981,1.0,1.0,0.9985574463955584,0.002028883803897208,0.510966441774561
0.8231,0.984,1.0,1.0,0.9974988766364573,0.0013997684266731092,0.48330180152529495
0.8241,0.986,1.0,1.0,0.9978025789347008,0.00017855460364435416,0.5052715677854251
0.8251,0.986,1.0,1.0,0.9987874843152377,0.0025981750110734003,0.4990716402856338
0.8261,0.982,1.0,1.0,0.9990050358882054,0.0002931250335966862,0.5013896860165301
0.8271,0.983,1.0,1.0,0.9993877870211026,0.0007433472756894766,0.5109900406089319
0.8281,0.984,1.0,1.0,0.9997656284820251,0.0010445310401683283,0.49940268106369884
0.8291,0.986,1.0,1.0,0.9986292500359603,0.0006000898802905885,0.49398624535395635
0.8301,0.988,1.0,1.0,0.9990089469766819,0.0003151404669582414,0.49995993456762433
0.8311,0.991,1.0,1.0,0.9997936529680297,0.00011276469305276926,0.5059171570163946
0.8321,0.99,1.0,1.0,0.9996898558402245,0.0008880269825279896,0.5002334639970086
0.8331,0.991,1.0,1.0,0.9984308144589567,0.0004230015646413676,0.49889090391533697
0.8341,0.989,1.0,1.0,0.998542304438588,0.0001545840788790276,0.5007957809770887
0.8351,0.989,1.0,1.0,0.9991840386316292,0.0007478280191853814,0.49803618035805375
0.8361,0.988,1.0,1.0,0.9997140709223789,0.00015097480061254664,0.49934729104962616
0.8371,0.977,1.0,1.0,0.9988963959487992,0.0002463910611668618,0.5068875635980303
0.8381,0.984,1.0,1.0,0.9999061930286024,0.004063151477333826,0.5053876301621245
0.8391,0.987,1.0,1.0,0.9986543649033799,9.961153655546617e-05,0.5194066401839199
0.8401,0.99,1.0,1.0,0.9999973493373958,0.0008949161439446573,0.49872597365246596
0.8411,0.988,1.0,1.0,0.999655765560383,0.0011785624906549552,0.5072072214865646
0.8421,0.982,1.0,1.0,0.9994901406080573,0.004829968066687895,0.4810367232224499
0.8431,0.991,1.0,1.0,0.997519491814859,2.044934461564729e-05,0.5049612988219313
0.8441,0.985,1.0,1.0,0.9999133002100135,4.863843047187011e-05,0.4944867642797885
0.8451,0.991,1.0,1.0,0.998995277041386,0.0032907186273789524,0.5137330242936484
0.8461,0.988,1.0,1.0,0.9987583150439486,0.0030719518311370653,0.5034728756074721
0.8471,0.996,1.0,1.0,0.9999983645184579,0.0009165218669782149,0.5075414224521975
0.8481,0.986,1.0,1.0,0.9992485134334361,0.0003361256790119782,0.512070302528841
0.8491,0.991,1.0,1.0,0.9986961851063257,0.00022653930970129021,0.47476715054598795
0.8501,0.989,1.0,1.0,0.9994584901705456,0.0004384738933720378,0.49260893790528143
0.8511,0.994,1.0,1.0,0.9997199069058547,0.00012770219452273857,0.5140297824890747
0.8521,0.993,1.0,1.0,0.998599530721988,0.00013759414866187925,0.4951155295425448
0.8531,0.989,1.0,1.0,0.9999387433970971,0.00044455060907389043,0.4838614238525118
0.8541,0.987,1.0,1.0,0.9982491304254443,0.0004981834401286411,0.4874423189039959
0.8551,0.99,1.0,1.0,0.9985871179006999,0.0012101941783697612,0.5112876644329364
0.8561,0.989,1.0,1.0,0.9995436347261601,0.0013925083989332343,0.502636212028687
0.8571,0.994,1.0,1.0,0.9993335796841281,0.001745990508620343,0.4883035557376654
0.8581,0.988,1.0,1.0,0.9996056600078803,0.002870131448784563,0.48967700631766514
0.8591,0.992,1.0,1.0,0.9979079302998927,0.0004890865778145459,0.5022965154638777
0.8601,0.989,1.0,1.0,0.9988696124343815,2.1970353695222045e-05,0.49878322360882693
0.8611,0.995,1.0,1.0,0.9972383112614064,0.0004995477568647821,0.4952334428217776
0.8621,0.989,1.0,1.0,0.9988221752743622,0.0016589147294189255,0.4902629456957296
0.8631,0.999,1.0,1.0,0.9992099766929003,0.0002325389444467474,0.5078118669204664
0.8641,0.989,1.0,1.0,0.9977771714683314,0.0007348372868015707,0.5071056376914499
0.8651,0.994,1.0,1.0,0.998924936711521,0.0008133044021891855,0.4959731649309587
0.8661,0.993,1.0,1.0,0.9996170690726682,0.000334940287014418,0.5044146269923192
0.8671,0.994,1.0,1.0,0.9988098588055903,5.2197509389118046e-05,0.5142904788058942
0.8681,0.989,1.0,1.0,0.9950753298443041,0.00017117134740407547,0.5035954399703572
0.8691,0.993,1.0,1.0,0.9985831302908873,0.0016343196100453428,0.48556855724953946
0.8701,0.99,1.0,1.0,0.9997313613905616,0.0002382771053727195,0.4944813814574275
0.8711,0.993,1.0,1.0,0.998401732310642,0.002830788566132947,0.5107888702094513
0.8721,0.993,1.0,1.0,0.9994117253775135,0.0011723241748703428,0.5087023459604084
0.8731,0.99,1.0,1.0,0.9982313674366654,0.0015772593120167988,0.48809036473585515
0.8741,0.99,1.0,1.0,0.9982296521346462,0.0006807399115942303,0.5006898035075087
0.8751,0.997,1.0,1.0,0.9999456112554775,0.00017349999234617108,0.4991127259188053
0.8761,0.991,1.0,1.0,0.9987611548523656,0.00072917680513096,0.48858644641936533
0.8771,0.995,1.0,1.0,0.9991896913134223,0.00041315036531153204,0.5039807549052528
0.8781,0.992,1.0,1.0,0.999335766312495,0.0005457121916077057,0.5115776400337528
0.8791,0.995,1.0,1.0,0.9999136162559753,0.000954246375510226,0.5062783442738535
0.8801,0.994,1.0,1.0,0.9990464275740413,0.000743198247813659,0.5014400282460721
0.8811,0.993,1.0,1.0,0.9992500335187208,0.0012943815689847593,0.5004653082452956
0.8821,0.993,1.0,1.0,0.9995801761512296,0.0012268409003408642,0.5060327276107526
0.8831,0.994,1.0,1.0,0.999758791217541,1.8814629404562133e-05,0.49626235700538646
0.8841,0.991,1.0,1.0,0.9990007352651761,0.00035756895937844035,0.49638807848750327
0.8851,0.992,1.0,1.0,0.9990925777804857,0.0011850667070515408,0.49468189317287625
0.8861,0.993,1.0,1.0,0.9979938811141952,0.000833939383247162,0.4814397156101364
0.8871,0.995,1.0,1.0,0.9995811101046733,0.0005832940360188665,0.5073080709140756
0.8881,0.996,1.0,1.0,0.9994717064927267,0.0012704277025715749,0.5185072907681411
0.8891,0.989,1.0,1.0,0.9994306337036168,0.0006243442614780603,0.5062637949759502
0.8901,0.997,1.0,1.0,0.997669516174194,0.00027690730927809604,0.5031289711443083
0.8911,0.991,1.0,1.0,0.9999231517119405,0.000717190259906908,0.5016168943419345
0.8921,0.993,1.0,1.0,0.9999002368827253,0.007375189824929573,0.5033195879520875
0.8931,0.992,1.0,1.0,0.9998415053441435,0.00017893445222483262,0.5060391576478436
0.8941,0.996,1.0,1.0,0.9985416710351098,0.0032880196011730867,0.5027921930519946
0.8951,0.998,1.0,1.0,0.9996961514083883,7.866215628937745e-05,0.48855036655832096
0.8961,0.996,1.0,1.0,0.9986893994951599,0.0013837407252035305,0.500566712679375
0.8971,0.994,1.0,1.0,0.9973868883447923,0.00021350971129630025,0.507667726007887
0.8981,0.996,1.0,1.0,0.9994776248129899,0.0001757239250615994,0.4981719369891137
0.8991,0.997,1.0,1.0,0.9986641400748656,0.0003501193350686771,0.497833141510439
0.9001,0.996,1.0,1.0,0.9991307260742531,0.002054305139782775,0.5062097173417593
0.9011,0.995,1.0,1.0,0.9998763051403959,0.0005334184766361272,0.5243597654609133
0.9021,0.996,1.0,1.0,0.9993160149973991,1.971186408489256e-05,0.4851763313820382
0.9031,0.99,1.0,1.0,0.9986995777562315,6.0534150467583814e-05,0.4890351737394937
0.9041,0.995,1.0,1.0,0.9994521801575859,0.0005725659863879962,0.504948660675218
0.9051,0.999,1.0,1.0,0.9997254884664918,0.002992288918491126,0.49448583704342036
0.9061,0.993,1.0,1.0,0.999602193813961,0.00016714637546255684,0.4978258894490875
0.9071,0.995,1.0,1.0,0.9999580985323907,0.0016910934696428015,0.5052224301204369
0.9081,0.996,1.0,1.0,0.9974385062052835,0.0002810385319028663,0.5090645930401342
0.9091,0.998,1.0,1.0,0.9998961489462955,0.00010030745180411582,0.5040071868563455
0.9101,0.996,1.0,1.0,0.9984597714226979,0.0006590241671803332,0.5001661804670073
0.9111,0.995,1.0,1.0,0.9999725900825278,0.00014533455811627238,0.5079109517621023
0.9121,0.998,1.0,1.0,0.9989287228893242,0.0006991366007045308,0.49758679710531833
0.9131,0.998,1.0,1.0,0.9999591391831459,0.0022924431698497783,0.504888907280655
0.9141,0.994,1.0,1.0,0.9997459026830035,0.0010504513084281797,0.48728868821696997
0.9151,0.996,1.0,1.0,0.9992875231713122,0.0014779595699470072,0.4978579582785137
0.9161,0.998,1.0,1.0,0.9995452037087241,5.435669194109316e-05,0.5080895304642452
0.9171,0.997,1.0,1.0,0.9996172056375902,0.0011975336078170473,0.5036275197622716
0.9181,0.993,1.0,1.0,0.9996328162825203,0.0006979880743644973,0.4865400190086611
0.9191,0.998,1.0,1.0,0.9983137070134341,6.285494896229871e-06,0.5020542529843707
0.9201,0.996,1.0,1.0,0.998201736819465,0.00027950073260940567,0.508538381252589
0.9211,0.997,1.0,1.0,0.9980506161037506,0.0011026383860095468,0.5178599180359259
0.9221,0.995,1.0,1.0,0.999515752349832,0.0013575941708118267,0.5033204997089038
0.9231,0.999,1.0,1.0,0.9991541064700603,0.0009766258605647948,0.4905743945719145
0.9241,0.998,1.0,1.0,0.9996550428292343,0.0003136055781788327,0.5015914128918332
0.9251,0.996,1.0,1.0,0.9995398466767454,0.0018408130384551802,0.4966062927134618
0.9261,0.998,1.0,1.0,0.9998145352552942,0.00020927638446532892,0.4989826910136515
0.9271,1.0,1.0,1.0,0.9992777310434866,0.0020234890478773027,0.49819942346091595
0.9281,0.997,1.0,1.0,0.9986724692913487,0.0013575932505818233,0.4978094837049773
0.9291,1.0,1.0,1.0,0.9996628985168217,0.0028061185266545774,0.515629673988195
0.9301,0.999,1.0,1.0,0.992559643562079,0.0010864189126832402,0.49712785904620693
0.9311,0.997,1.0,1.0,0.9990893097480658,0.0005456211414874845,0.4948942644974175
0.9321,0.996,1.0,1.0,0.999180316149555,0.0004008481270846298,0.5055726941121823
0.9331,1.0,1.0,1.0,0.9985027009572791,0.0003086378519469024,0.5184391813984701
0.9341,0.998,1.0,1.0,0.999438122787303,0.0003190764095478693,0.49829910898485524
0.9351,0.997,1.0,1.0,0.9999984976923776,0.00034813364453434303,0.4913530937720357
0.9361,0.997,1.0,1.0,0.9991575622192258,0.0004812353731263874,0.5018157944515594
0.9371,0.999,1.0,1.0,0.9994536751188092,0.0006961966162000177,0.5144319791568418
0.9381,0.999,1.0,1.0,0.9987881687416854,0.0001844164306957774,0.5151932535045922
0.9391,0.996,1.0,1.0,0.9997138637218552,0.0017245138556596373,0.5092872715171295
0.9401,0.998,1.0,1.0,0.9969755029775671,0.00020146004784837857,0.49360637103577054
0.9411,0.999,1.0,1.0,0.9989679131882029,0.005232721233668025,0.5257515893280754
0.9421,1.0,1.0,1.0,0.9990104331582564,0.0012461494696496267,0.5075132904048484
0.9431,1.0,1.0,1.0,0.9987030457304463,0.0032133250946821956,0.5019932533715397
0.9441,1.0,1.0,1.0,0.9989205137047609,0.0005846553783284136,0.5033322685441616
0.9451,0.997,1.0,1.0,0.9982371003493181,0.00010127315877128673,0.485041982899121
0.9461,0.999,1.0,1.0,0.9991501411950471,3.205081919921415e-05,0.49242169698320676
0.9471,0.999,1.0,1.0,0.9997846598465872,0.0004806769999735616,0.5003863417052529
0.9481,0.997,1.0,1.0,0.9999296151166582,0.0002514565945804792,0.5022364023934686
0.9491,0.997,1.0,1.0,0.9999276586148189,0.000762952429497421,0.5072971525905925
0.9501,1.0,1.0,1.0,0.9977814756695534,0.0008729743720509164,0.5121053492054111
0.9511,1.0,1.0,1.0,0.9996491969711798,0.0015685207144665592,0.4983193364594258
0.9521,0.997,1.0,1.0,0.9998202852292629,0.00037566211835859953,0.5151200181830126
0.9531,1.0,1.0,1.0,0.9997044806260992,0.0008872232234916622,0.49629700007566374
0.9541,0.998,1.0,1.0,0.9979937288556042,9.507603394798281e-05,0.4995553159052184
0.9551,0.996,1.0,1.0,0.9986158426441927,0.0017558305098973603,0.4788713317143824
0.9561,0.998,1.0,1.0,0.9974951692311356,0.0003000080878431399,0.5109545310651088
0.9571,0.999,1.0,1.0,0.9992111292423556,0.00022690544072390129,0.4992262018095585
0.9581,0.999,1.0,1.0,0.9997838273750226,0.00032664078851474265,0.5068647184325805
0.9591,1.0,1.0,1.0,0.9993044254837918,0.0003975093415062858,0.5045697138611411
0.9601,1.0,1.0,1.0,0.9993673932509178,0.0007171363039270018,0.4956926914455663
0.9611,1.0,1.0,1.0,0.9989467790666808,0.0003733319374004118,0.4935461494067
0.9621,1.0,1.0,1.0,0.9991456367567032,5.40344713735319e-05,0.5120943018068632
0.9631,0.999,1.0,1.0,0.9993192643913895,0.0011622168071465655,0.49576680533347617
0.9641,1.0,1.0,1.0,0.9956820114061955,0.0006879999963923522,0.5025232999309404
0.9651,1.0,1.0,1.0,0.9985091962751353,0.0014204678221255707,0.4948788143826461
0.9661,1.0,1.0,1.0,0.9988555402429766,0.0017477109909374011,0.4980441076507811
0.9671,0.998,1.0,1.0,0.9997920125863171,0.00018220035308080806,0.508747366264092
0.9681,1.0,1.0,1.0,0.9997087976837223,0.0009416924773887336,0.5052836516461034
0.9691,0.998,1.0,1.0,0.9987770857124224,0.0012490306323338363,0.47798216330882515
0.9701,0.998,1.0,1.0,0.9999651419959344,0.00037232016994037664,0.5134569815891206
0.9711,1.0,1.0,1.0,0.9998455485872657,0.000640970038360944,0.5029791957716123
0.9721,0.999,1.0,1.0,0.9999528163180278,4.054027071487276e-06,0.5048971613865832
0.9731,0.999,1.0,1.0,0.9998438158249059,0.0009561390810255421,0.50966776086025
0.9741,1.0,1.0,1.0,0.9991799572964108,0.0007968242186626728,0.4924256256439894
0.9751,1.0,1.0,1.0,0.9991738288538309,0.0002116840284127619,0.490679237831566
0.9761,1.0,1.0,1.0,0.999003176513641,0.00024052511701710966,0.4892235411509436
0.9771,1.0,1.0,1.0,0.9989820776885255,0.0013774593242766864,0.49864603046072803
0.9781,0.999,1.0,1.0,0.9999134328990766,1.6153446924516146e-06,0.4973253815348688
0.9791,1.0,1.0,1.0,0.9983984037084351,0.0011115436034021542,0.5066215837199706
0.9801,1.0,1.0,1.0,0.9933869690105994,8.692460963999338e-05,0.49886818595234256
0.9811,1.0,1.0,1.0,0.9998995650630687,0.003209573333015303,0.4960411098138041
0.9821,1.0,1.0,1.0,0.9989865901593996,0.000405202813296035,0.5008679347234685
0.9831,0.999,1.0,1.0,0.9998097290692568,0.000495878864277044,0.4999258917857833
0.9841,1.0,1.0,1.0,0.9999586616009398,0.001923067302935455,0.5009611406640772
0.9851,1.0,1.0,1.0,0.9994857637564297,0.00020931542565549854,0.4827634045597379
0.9861,1.0,1.0,1.0,0.9990974457902965,0.0010867725200829348,0.5008393022115424
0.9871,1.0,1.0,1.0,0.9999667877685754,0.00012899241361929992,0.5087222151809894
0.9881,1.0,1.0,1.0,0.9985817919827501,0.00113372339147777,0.4997935735944254
0.9891,1.0,1.0,1.0,0.9946621001860066,0.0014921877364247882,0.5131012086848017
0.9901,0.999,1.0,1.0,0.9987881985773439,0.001544700374096819,0.5034863976980422
0.9911,1.0,1.0,1.0,0.9998501455628825,0.001670097859991282,0.5027464242031249
0.9921,1.0,1.0,1.0,0.9979673840027733,0.0007137188927286431,0.46715215500642915
0.9931,0.999,1.0,1.0,0.998750316517999,0.00102830595118919,0.5024475213686566
0.9941,1.0,1.0,1.0,0.9991451584058707,0.0004973682457479756,0.49608695430157385
0.9951,1.0,1.0,1.0,0.9991930420545677,0.001269567180095632,0.49270711239572595
0.9961,1.0,1.0,1.0,0.9998639840219645,0.0002785811261972748,0.4884520624972159
0.9971,1.0,1.0,1.0,0.9982585056789094,0.001361879900537044,0.5034248998075498
0.9981,1.0,1.0,1.0,0.9987574649038155,0.001082940959247658,0.4996772876662529
0.9991,1.0,1.0,1.0,0.9981319956979133,0.00020998579960596064,0.4876392514251189
