OBSERVE_COST,BERNOULLI,Rate1,Rate1pct,Rate10pct,Selet_Value_high,Select_Value_low,Select_Value_aver
0.001,0.751,0.042,0.148,0.228,29.70597013783167,-0.999,5.929865092841942
0.009,0.751,0.1,0.558,0.822,24.69220659819765,-8.388,12.669861051770656
0.017,0.751,0.094,0.548,0.97,19.624178182604478,-14.552000000000001,12.086881934269053
0.025,0.751,0.06,0.508,0.96,18.355572849497232,-19.325000000000003,10.396570978392626
0.033,0.751,0.112,0.538,0.966,16.288612146243185,-17.78139344963241,9.619463874622497
0.041,0.751,0.09,0.526,0.964,15.390941789090895,-11.68522629543526,8.52709173451056
0.049,0.751,0.082,0.502,0.982,14.506601667349628,-11.267587246594292,7.901882230051523
0.057,0.751,0.096,0.52,0.984,15.883629629380714,-11.186016003424413,7.740046689976221
0.065,0.751,0.086,0.57,0.982,13.520597794034908,-10.10059606275664,7.199895657257675
0.073,0.751,0.09,0.514,0.972,15.150323123377936,-8.938846356201086,6.592075559030489
0.081,0.751,0.108,0.498,0.982,15.166735209475956,-17.084253060014333,6.181018034358354
0.089,0.751,0.09,0.554,0.982,13.91982853400319,-16.758173206369875,6.004152696886227
0.097,0.751,0.102,0.56,0.986,13.421749423526887,-10.101075579602153,5.6928594846092695
0.105,0.751,0.096,0.518,0.982,15.717660549797955,-20.07591959521976,5.2433951678988695
0.113,0.751,0.094,0.56,0.982,13.473052816638093,-13.152383292127613,5.100880435821938
0.121,0.751,0.06,0.54,0.986,12.304580780078084,-15.539562941773882,4.8527272490783915
0.129,0.751,0.11,0.538,0.99,10.508640128958575,-11.348936405178087,4.420827150445705
0.137,0.751,0.1,0.562,0.99,10.831089213216377,-22.08396209833189,4.256091703300057
0.145,0.751,0.134,0.582,0.994,10.624794662343058,-21.008828251154597,4.149912677838048
0.153,0.751,0.084,0.582,0.99,12.300865932673572,-18.35266505800809,3.926109801705416
0.161,0.751,0.104,0.586,1.0,9.404256320200327,-7.136488340915412,3.8959957530458262
0.169,0.751,0.076,0.554,0.996,9.537968377043375,-13.095332513760587,3.407488330229282
0.177,0.751,0.106,0.584,0.996,9.402186771648989,-9.47393990182251,3.5222671805635426
0.185,0.751,0.086,0.536,0.994,13.881043873546652,-13.960344573612822,3.178400284297814
0.193,0.751,0.094,0.586,0.998,10.250563236131384,-9.842347494386157,3.2282069605847674
0.201,0.751,0.118,0.576,0.998,11.819663707348782,-9.12370162166897,3.124537195263353
0.209,0.751,0.116,0.58,1.0,8.741098814300626,-9.376378196947362,2.973351763205431
0.217,0.751,0.11,0.594,1.0,10.355968033836687,-13.16590582150188,2.6278720131261584
0.225,0.751,0.116,0.564,0.996,10.855452245265592,-18.628508928408614,2.628636194852672
0.233,0.751,0.134,0.608,1.0,9.397017147549894,-8.02218938785336,2.7579624671173835
0.241,0.751,0.11,0.644,0.998,8.234509789287788,-10.285451150536721,2.4984714534727037
0.249,0.751,0.102,0.608,1.0,9.77848303701842,-9.014646778885954,2.5442457640224996
0.257,0.751,0.118,0.642,1.0,8.715230308822463,-11.185448704954037,2.452158898735311
0.265,0.751,0.122,0.65,1.0,7.865781260868748,-7.56225812727256,2.480690355367795
0.273,0.751,0.12,0.594,1.0,10.485375857052826,-8.718591490049018,2.131825357787338
0.281,0.751,0.136,0.638,1.0,13.33189354342319,-8.401014214831626,2.1522144292782364
0.289,0.751,0.128,0.62,1.0,9.033124747800697,-10.862658702178432,2.063952650298092
0.297,0.751,0.124,0.63,1.0,7.224117068318221,-10.6402714238191,1.7916753168648074
0.305,0.751,0.124,0.628,1.0,8.390968854795252,-13.326772124713758,1.7700312060610575
0.313,0.751,0.144,0.628,1.0,8.917086180099659,-14.525325740903892,1.7244725450873895
0.321,0.751,0.152,0.628,1.0,10.620207176876226,-6.038672989792264,1.8294093517505887
0.329,0.751,0.1,0.636,1.0,8.522409522226031,-10.79415329096518,1.7139723877110185
0.337,0.751,0.136,0.636,1.0,10.726559125116328,-10.003827905841009,1.6969355308478649
0.345,0.751,0.128,0.622,1.0,8.592997251609187,-12.682813572968108,1.6734007319240989
0.353,0.751,0.13,0.64,1.0,9.572736983536442,-12.373246305258757,1.3987766111876434
0.361,0.751,0.156,0.676,1.0,7.790903500320073,-10.973393058116198,1.247266009995561
0.369,0.751,0.12,0.672,1.0,7.40111411120935,-10.589794438124155,1.3412291651639856
0.377,0.751,0.14,0.664,1.0,8.578909048032006,-10.840027480981274,1.1609627076538236
0.385,0.751,0.156,0.664,1.0,7.3755669042281236,-7.820007226023712,1.4078946186585706
0.393,0.751,0.16,0.696,1.0,6.99481841317041,-7.882638368810798,1.0974603568858237
0.401,0.751,0.174,0.684,1.0,6.586082320004001,-12.946503045802448,1.1722155353443762
0.409,0.751,0.15,0.672,1.0,6.750578751065891,-11.446157936461567,1.1049187427126157
0.417,0.751,0.164,0.688,1.0,7.592101583724013,-8.192034680265136,0.9415819907818415
0.425,0.751,0.152,0.696,1.0,7.196352292797354,-10.233122602913582,0.9764279385467317
0.433,0.751,0.162,0.732,1.0,7.00335600804056,-8.057779021606414,0.9190535918307494
0.441,0.751,0.138,0.676,1.0,7.653293018440845,-9.324936725356249,0.8565266824597164
0.449,0.751,0.16,0.706,1.0,8.52705941626112,-11.768723894965252,0.8418296546119247
0.457,0.751,0.174,0.738,1.0,7.477627096710233,-8.057741357517727,0.9176841346567963
0.465,0.751,0.168,0.744,1.0,5.655082564941044,-6.529686884841313,0.7230848785734463
0.473,0.751,0.124,0.686,1.0,5.699547747217483,-9.352822209315695,0.7391100396064509
0.481,0.751,0.166,0.728,1.0,5.811820384655651,-7.985802071474309,0.6472010386393802
0.489,0.751,0.192,0.744,1.0,9.459945791688748,-9.840785132478766,0.7324169579166638
0.497,0.751,0.184,0.744,1.0,7.701599185737246,-9.02901460080653,0.5466173666418132
0.505,0.751,0.2,0.732,1.0,6.793016685154706,-5.890455530250556,0.7474135423373823
0.513,0.751,0.16,0.738,1.0,6.909845863960324,-7.358371981992325,0.523731222303029
0.521,0.751,0.16,0.772,1.0,8.343990245827033,-5.565226055980756,0.7542918590020801
0.529,0.751,0.178,0.75,1.0,7.202797275790077,-12.7105849187103,0.5716697961937565
0.537,0.751,0.208,0.744,1.0,6.578811543539095,-6.125935975870337,0.578763335288619
0.545,0.751,0.204,0.736,1.0,9.232232124464941,-7.004096406672495,0.4959783685151736
0.553,0.751,0.226,0.76,1.0,8.855311859880102,-6.037726398280046,0.572816957973029
0.561,0.751,0.174,0.742,1.0,6.4406516620464735,-9.603073727791818,0.3757908860897265
0.569,0.751,0.186,0.782,1.0,6.871028452120285,-5.637985559463892,0.3605080686238187
0.577,0.751,0.218,0.766,1.0,7.276291143259957,-4.59830823865426,0.6347500813397995
0.585,0.751,0.218,0.816,1.0,7.28781067429437,-5.785721430145655,0.35774220915284805
0.593,0.751,0.2,0.768,1.0,5.611580243749003,-5.332416299311329,0.2794440503716426
0.601,0.751,0.198,0.78,1.0,6.397115222202909,-9.206468568892246,0.16146281443648905
0.609,0.751,0.182,0.794,1.0,4.995167048665065,-4.359607024432849,0.2560861406494535
0.617,0.751,0.196,0.81,1.0,5.3708429592293125,-8.614063441984387,0.25143930121626373
0.625,0.751,0.206,0.834,1.0,7.35330088881559,-4.783405214459753,0.2296109284761241
0.633,0.751,0.226,0.796,1.0,5.529095494463587,-4.794313153976249,0.16259365728392072
0.641,0.751,0.238,0.824,1.0,6.334766402702222,-5.313157913045317,0.26324688240387956
0.649,0.751,0.222,0.816,1.0,5.898718574753036,-5.854531264682832,0.1725570864444003
0.657,0.751,0.25,0.816,1.0,5.282831028924895,-3.9864764482298476,0.19175208197719903
0.665,0.751,0.232,0.8,1.0,5.01375517339504,-4.940265212808851,0.08659808522519544
0.673,0.751,0.242,0.812,1.0,5.848641029997393,-4.190776005191611,0.0879514748663263
0.681,0.751,0.242,0.806,1.0,4.863106989720126,-6.863812984446323,0.194201373707971
0.689,0.751,0.2,0.842,1.0,6.408461212200202,-5.913604210667247,-0.06829538710628043
0.697,0.751,0.256,0.83,1.0,4.7790389899608146,-7.2206864746109165,0.07127094753213326
0.705,0.751,0.236,0.858,1.0,5.5363628783816425,-6.740241991673559,0.05457880426037797
0.713,0.751,0.29,0.86,1.0,8.291603174332446,-5.244475005967563,0.000356954493484092
0.721,0.751,0.248,0.86,1.0,6.050260711364832,-3.2080722676639564,0.03271814406107782
0.729,0.751,0.252,0.86,1.0,4.173213632585796,-4.204858253735694,-0.02802264300084708
0.737,0.751,0.306,0.896,1.0,5.8158086556275865,-3.4414019144226176,0.09621874261592907
0.745,0.751,0.312,0.906,1.0,3.7585568994005865,-2.8888780537455223,-0.05728135830923211
0.753,0.751,0.308,0.892,1.0,5.024680503787993,-0.753,-0.0744303882179743
0.761,0.751,0.332,0.864,1.0,5.5086620893978235,-0.761,-0.0031351703027694845
0.769,0.751,0.33,0.88,1.0,4.635448569733708,-0.769,-0.025149484909697265
0.777,0.751,0.348,0.906,1.0,4.68781393694145,-0.777,0.08456533291496628
0.785,0.751,0.358,0.906,1.0,7.848222212187842,-0.785,-0.04237261502424196
0.793,0.751,0.372,0.88,1.0,4.207217316472147,-0.793,-0.09802703228368666
0.801,0.751,0.37,0.902,1.0,5.253260346248409,-0.801,-0.060031653180253955
0.809,0.751,0.378,0.898,1.0,4.607629779813031,-0.809,0.03515877753993098
0.817,0.751,0.416,0.898,1.0,8.173239234621013,-0.817,-0.018667252976606357
0.825,0.751,0.38,0.884,1.0,5.411878605150012,-0.825,-0.04761243066214644
0.833,0.751,0.376,0.922,1.0,5.6406290789058815,-0.833,-0.03884593167038181
0.841,0.751,0.366,0.9,1.0,4.44637925216731,-0.841,-0.055673911269181295
0.849,0.751,0.4,0.906,1.0,6.543725995556219,-0.849,-0.1301496381708126
0.857,0.751,0.41,0.92,1.0,5.12026021783132,-0.857,-0.09250138829583905
0.865,0.751,0.414,0.914,1.0,9.892346230697077,-0.865,-0.07279634338214411
0.873,0.751,0.386,0.894,1.0,5.243369987131558,-0.873,-0.17063528733095065
0.881,0.751,0.446,0.92,1.0,8.06953057511384,-0.881,-0.07940396040162336
0.889,0.751,0.454,0.938,1.0,9.27411463639504,-0.889,-0.22288012172643967
0.897,0.751,0.44,0.936,1.0,5.090402670375837,-0.897,-0.15915541605117067
0.905,0.751,0.474,0.942,1.0,5.117131109811947,-0.905,-0.12052825240818202
0.913,0.751,0.422,0.94,1.0,4.9461003958733984,-0.913,-0.129930910889081
0.921,0.751,0.41,0.932,1.0,4.852527610759779,-0.921,-0.2276690234452274
0.929,0.751,0.458,0.916,1.0,4.271131289588208,-0.929,-0.1984824993565437
0.937,0.751,0.464,0.932,1.0,4.619241871456958,-0.937,-0.23315993395560217
0.945,0.751,0.452,0.93,1.0,4.658970581594977,-0.945,-0.17069024321507734
0.953,0.751,0.456,0.93,1.0,5.658128312882357,-0.953,-0.17546181503710043
0.961,0.751,0.518,0.95,1.0,5.633984275680878,-0.961,-0.22816443857789195
0.969,0.751,0.454,0.938,1.0,4.786824613222828,-0.969,-0.1972249667269177
0.977,0.751,0.51,0.956,1.0,7.734073357111477,-0.977,-0.22812391908331395
0.985,0.751,0.492,0.936,1.0,5.408076064114518,-0.985,-0.238969750251745
0.993,0.751,0.496,0.958,1.0,4.665419942810361,-0.993,-0.23506327680603958
0.001,0.759,0.048,0.138,0.224,33.24451182492442,-0.997,6.270166535942156
0.009,0.759,0.09,0.524,0.82,23.18880381004655,-8.802,13.355318254372822
0.017,0.759,0.082,0.506,0.938,19.696490024325566,-13.852152160434791,11.98303771519089
0.025,0.759,0.098,0.494,0.972,18.2141825911596,-20.575000000000003,10.937776852608895
0.033,0.759,0.088,0.496,0.97,18.129997997195577,-25.872,9.873779508323677
0.041,0.759,0.076,0.488,0.97,16.67841624616856,-5.764327369642302,9.248650143230437
0.049,0.759,0.086,0.516,0.968,15.148003839054214,-10.493142345721663,8.537277749241929
0.057,0.759,0.068,0.464,0.968,17.95593223424738,-8.86822785847283,7.485663772017654
0.065,0.759,0.09,0.536,0.962,15.749268084386468,-10.954851032031065,7.238184279252104
0.073,0.759,0.078,0.514,0.978,14.087560523853957,-9.79426942246354,6.808468241962545
0.081,0.759,0.102,0.554,0.99,14.42238802164988,-8.770648242721956,6.691440678143706
0.089,0.759,0.068,0.524,0.986,13.7929468988367,-10.791961624515237,6.225285747475401
0.097,0.759,0.1,0.54,0.978,12.988800889287965,-10.345698002696356,5.749484218753679
0.105,0.759,0.1,0.528,0.986,13.16576106288741,-15.510255607685526,5.4645386523603445
0.113,0.759,0.082,0.578,0.992,13.746031101303451,-16.252090180372775,5.137018123906712
0.121,0.759,0.124,0.574,0.998,13.182699725829803,-7.306032986953383,4.899747443740317
0.129,0.759,0.092,0.542,0.988,13.322145595815892,-13.389993061158018,4.556875389928422
0.137,0.759,0.09,0.552,0.996,12.810315883708755,-15.585422124027271,4.561611136875313
0.145,0.759,0.106,0.55,0.992,12.081985837974763,-11.075280070929542,4.286657633621717
0.153,0.759,0.1,0.574,0.99,12.794067460368622,-18.301177541664895,4.110246976835236
0.161,0.759,0.078,0.57,0.996,10.677112215178902,-9.343290681950815,3.88749395347562
0.169,0.759,0.094,0.556,0.996,10.211866625882108,-10.32378147445652,3.772301505682092
0.177,0.759,0.106,0.596,1.0,10.088525208538169,-11.568050604358564,3.5807257190504735
0.185,0.759,0.094,0.54,0.998,9.297061837766313,-13.054703670667912,3.373961791157597
0.193,0.759,0.102,0.576,1.0,11.196720751866012,-8.408317786640767,3.3216398173881836
0.201,0.759,0.12,0.626,0.998,8.354167788840202,-15.253547738438883,3.1420225175553878
0.209,0.759,0.092,0.56,0.998,7.599299775656458,-13.231008599720672,2.962502554457639
0.217,0.759,0.134,0.556,0.998,11.879811996291169,-13.526511900514354,2.8740280637406794
0.225,0.759,0.118,0.558,1.0,9.536252017839159,-12.208143137305832,2.775666082209088
0.233,0.759,0.116,0.63,1.0,8.40241511707498,-9.276742397032752,2.9505752486624264
0.241,0.759,0.124,0.616,1.0,8.774511760625241,-7.947369709594199,2.7336888479960324
0.249,0.759,0.106,0.562,0.998,7.2533440405169145,-9.771830180470234,2.4740881644353907
0.257,0.759,0.134,0.592,1.0,8.16351233893202,-9.034037243362604,2.4964211031027865
0.265,0.759,0.116,0.61,1.0,7.277635162794395,-10.291522523584428,2.3223262636917963
0.273,0.759,0.124,0.646,1.0,11.159377730049648,-13.43360839194367,2.222900560390301
0.281,0.759,0.092,0.582,1.0,10.05866812825027,-9.64378398222411,2.0389948148955632
0.289,0.759,0.138,0.636,1.0,9.94975099819308,-10.880495426947835,1.9842971305058377
0.297,0.759,0.122,0.622,1.0,7.811283107798467,-15.343491178057622,2.1124895516275792
0.305,0.759,0.13,0.628,1.0,8.899589925358622,-15.211218183084483,1.8061528699356875
0.313,0.759,0.112,0.608,1.0,9.484002645282462,-9.36891658420945,1.9146472443661073
0.321,0.759,0.136,0.666,1.0,8.128324657039295,-9.201058864825029,1.9004310326388232
0.329,0.759,0.12,0.646,1.0,8.626949941917559,-10.091302066788614,1.7003028444942538
0.337,0.759,0.122,0.664,1.0,9.999698097784176,-9.383169348113128,1.8577820020226017
0.345,0.759,0.132,0.67,1.0,12.768864208022737,-8.940440504680002,1.7614252330848592
0.353,0.759,0.152,0.644,1.0,6.181806733306174,-14.247982394298905,1.4034206155040143
0.361,0.759,0.132,0.638,1.0,9.448907009050997,-11.72332884937198,1.3202426539431296
0.369,0.759,0.11,0.576,1.0,9.709666018326711,-7.582353298569609,1.2862270171511643
0.377,0.759,0.126,0.654,1.0,7.564558294430415,-13.643191787523847,1.40705234319123
0.385,0.759,0.172,0.62,1.0,6.805456789179461,-12.90551945265897,1.1838761585593447
0.393,0.759,0.138,0.652,1.0,7.344108747072638,-10.002654355609925,1.2695993397592964
0.401,0.759,0.166,0.682,1.0,7.108723856473421,-8.58583613007552,1.1931044319520583
0.409,0.759,0.138,0.642,1.0,7.172863852684785,-9.265557544982677,1.0078268154698513
0.417,0.759,0.146,0.686,1.0,6.195479599191532,-12.061030774621859,1.1567053337221376
0.425,0.759,0.156,0.684,1.0,7.510169502613911,-14.515872113391328,1.0292832639912879
0.433,0.759,0.156,0.678,1.0,6.864524194790652,-8.061305973640394,0.935502437425367
0.441,0.759,0.138,0.698,1.0,7.498170371603409,-8.739203493692925,0.8082230869714757
0.449,0.759,0.168,0.718,1.0,6.85049082228792,-12.120300754519151,0.8546703786163821
0.457,0.759,0.134,0.67,1.0,7.308866888295777,-8.09579831724798,0.8051126262859053
0.465,0.759,0.166,0.688,1.0,6.183287124137838,-7.265415607267511,0.8734104932835797
0.473,0.759,0.164,0.686,1.0,5.323809650331519,-7.923403812277667,0.771889054209174
0.481,0.759,0.15,0.696,1.0,5.646462384913638,-8.216298783614347,0.7266560707784739
0.489,0.759,0.182,0.72,1.0,6.904154347930583,-6.9325260169641965,0.700732026577219
0.497,0.759,0.186,0.75,1.0,6.270580070028864,-6.2372038180585,0.8119940826130947
0.505,0.759,0.144,0.72,1.0,6.1273203662076625,-6.461555711130463,0.6785375636400053
0.513,0.759,0.19,0.734,1.0,7.240985559729259,-8.10480262685518,0.6709218403387144
0.521,0.759,0.132,0.722,1.0,6.419785455629959,-6.584043973666844,0.5047472502746272
0.529,0.759,0.166,0.734,1.0,5.1662610717178765,-5.671461748491934,0.6678669624475292
0.537,0.759,0.17,0.7,1.0,6.383400866263915,-9.694325666994146,0.47536239663645213
0.545,0.759,0.178,0.73,1.0,6.950614872614704,-6.577405188312881,0.6024446447888301
0.553,0.759,0.182,0.756,1.0,5.906699112000034,-8.547902134220976,0.48548944979640135
0.561,0.759,0.202,0.748,1.0,6.110851728179819,-6.570183046133597,0.36029689632692974
0.569,0.759,0.16,0.718,1.0,5.443947329473613,-4.985661614518478,0.38520726175590125
0.577,0.759,0.168,0.768,1.0,5.657295779596572,-7.472627287485576,0.41380223926124293
0.585,0.759,0.176,0.778,1.0,6.266315104788006,-5.686580764582804,0.4362212703331869
0.593,0.759,0.166,0.774,1.0,6.094851935058183,-7.092191066175669,0.3802484613732752
0.601,0.759,0.2,0.756,1.0,6.927828244983727,-4.6209943617234845,0.40471540981173926
0.609,0.759,0.182,0.788,1.0,6.4905034077533506,-4.743219855800264,0.312689513597455
0.617,0.759,0.206,0.776,1.0,6.783653429068137,-4.5629469253922785,0.3453301737467486
0.625,0.759,0.19,0.794,1.0,6.671382562418152,-5.136238073220987,0.25307794686479473
0.633,0.759,0.192,0.756,1.0,4.7268025559007505,-6.016643331271996,0.0996125278779331
0.641,0.759,0.222,0.796,1.0,6.019194341724324,-4.6604762391082,0.18030057505201805
0.649,0.759,0.228,0.792,1.0,4.898202343993893,-8.357646827670681,0.21814822363617165
0.657,0.759,0.228,0.82,1.0,5.454948941574632,-5.098381656429164,0.09375381943380319
0.665,0.759,0.214,0.798,1.0,5.871284789277206,-6.06482384102091,0.09580279431940979
0.673,0.759,0.186,0.808,1.0,7.838681592679899,-5.431417548680755,0.12641223544195823
0.681,0.759,0.222,0.838,1.0,5.6686690215021045,-6.151606897294031,0.1617444821487197
0.689,0.759,0.218,0.84,1.0,5.725328065534179,-5.89489157893081,0.051616756142503405
0.697,0.759,0.242,0.82,1.0,6.101983558208896,-4.22579148667206,0.1026954274890354
0.705,0.759,0.216,0.858,1.0,6.505187376939861,-5.25356862566351,0.17810940183538418
0.713,0.759,0.256,0.806,1.0,8.234782683441248,-3.8205630525873993,0.13391946558341394
0.721,0.759,0.242,0.838,1.0,7.969702101767828,-5.928418583284804,0.06859023010160462
0.729,0.759,0.284,0.82,1.0,6.364607256255329,-5.1470253697493025,-0.0012716539384960209
0.737,0.759,0.282,0.85,1.0,4.387392227069648,-4.844566885409434,-0.07001816419848836
0.745,0.759,0.258,0.846,1.0,4.587994365211907,-3.5081548272303213,-0.029171228454451584
0.753,0.759,0.298,0.868,1.0,4.993866522249619,-2.9252971426622683,0.05792556848159975
0.761,0.759,0.292,0.86,1.0,5.109648459089201,-0.761,-0.044741303310536835
0.769,0.759,0.314,0.888,1.0,6.715599090001549,-0.769,0.18548955543744688
0.777,0.759,0.28,0.844,1.0,6.48121678976686,-0.777,-0.04485878375600934
0.785,0.759,0.318,0.856,1.0,3.702875685533561,-0.785,-0.09406680310438205
0.793,0.759,0.378,0.89,1.0,6.062264674669768,-0.793,-0.0692983596714106
0.801,0.759,0.354,0.892,1.0,4.6527615369378506,-0.801,-0.05946873430794133
0.809,0.759,0.378,0.868,1.0,5.229462744838361,-0.809,-0.008579084247798416
0.817,0.759,0.356,0.86,1.0,7.7856807509197505,-0.817,-0.1024239755371783
0.825,0.759,0.346,0.904,1.0,5.612557968581766,-0.825,-0.11854213968615766
0.833,0.759,0.408,0.894,1.0,4.790975339402108,-0.833,-0.038511463571095805
0.841,0.759,0.366,0.912,1.0,6.964328190538043,-0.841,-0.06114545722109544
0.849,0.759,0.374,0.9,1.0,7.19202549982861,-0.849,-0.13424854557855084
0.857,0.759,0.38,0.898,1.0,4.705162721500872,-0.857,-0.027338899901773375
0.865,0.759,0.404,0.886,1.0,7.686286482553484,-0.865,-0.08112088458821526
0.873,0.759,0.446,0.904,1.0,6.833700994984466,-0.873,-0.09383213749245525
0.881,0.759,0.414,0.908,1.0,5.534274685037699,-0.881,-0.16282042133721816
0.889,0.759,0.434,0.908,1.0,4.960534623353817,-0.889,-0.1177008006619579
0.897,0.759,0.422,0.92,1.0,5.213251592526889,-0.897,-0.11409145251396491
0.905,0.759,0.444,0.934,1.0,4.842639134325273,-0.905,-0.11908340312479498
0.913,0.759,0.414,0.886,1.0,4.668112023527035,-0.913,-0.15219065417124714
0.921,0.759,0.452,0.9,1.0,5.312350612999889,-0.921,-0.13332057305623304
0.929,0.759,0.458,0.92,1.0,6.60012144314265,-0.929,-0.22902287793825424
0.937,0.759,0.46,0.932,1.0,3.9228641974345315,-0.937,-0.17540787504266217
0.945,0.759,0.448,0.92,1.0,6.994255341937791,-0.945,-0.10580912796089308
0.953,0.759,0.468,0.93,1.0,6.912103344469372,-0.953,-0.17409975066230726
0.961,0.759,0.488,0.916,1.0,3.79455661859745,-0.961,-0.29869542138255945
0.969,0.759,0.478,0.926,1.0,4.531296126749028,-0.969,-0.1671746928441637
0.977,0.759,0.478,0.934,1.0,3.813823345781693,-0.977,-0.16421029430769415
0.985,0.759,0.488,0.924,1.0,5.441581152110764,-0.985,-0.22155891155054402
0.993,0.759,0.478,0.948,1.0,6.966299287364536,-0.993,-0.1777689450368922
0.001,0.767,0.042,0.158,0.25,33.13313708118673,-0.997,7.412760879029563
0.009,0.767,0.08,0.502,0.818,23.808790036552207,-8.838,13.494413065011587
0.017,0.767,0.076,0.488,0.942,23.310072050111,-15.232000000000001,12.296264627950565
0.025,0.767,0.066,0.454,0.96,18.85709964866107,-16.2,11.259234290489653
0.033,0.767,0.1,0.458,0.956,17.677262650959786,-23.826,10.092136498112122
0.041,0.767,0.088,0.52,0.97,17.41626057411651,-6.8754780537219204,9.687920826859658
0.049,0.767,0.076,0.49,0.976,17.595070273248652,-9.074248901993816,8.628146520023664
0.057,0.767,0.074,0.496,0.98,14.620184143695917,-17.41574138003245,8.205203673707793
0.065,0.767,0.088,0.498,0.976,15.623348018728876,-10.078006647363456,7.626010033040377
0.073,0.767,0.064,0.504,0.982,17.65839339759437,-7.402740076330932,7.115651924351509
0.081,0.767,0.074,0.504,0.982,13.544481296273988,-9.490020084959802,6.684373657745963
0.089,0.767,0.094,0.52,0.976,12.185839858884473,-11.638348761279072,6.1552713128226975
0.097,0.767,0.104,0.524,0.988,12.969320594695418,-8.191005256128555,5.8890029530339385
0.105,0.767,0.084,0.548,0.986,12.711708567481868,-14.412237595454144,5.6386256447964245
0.113,0.767,0.074,0.534,0.974,11.637720269875173,-12.95264768818688,5.071892374734278
0.121,0.767,0.088,0.578,0.988,13.61353930328747,-14.967975895558892,5.336973095085577
0.129,0.767,0.096,0.556,0.994,11.576655628624472,-8.459615674597842,5.1170107275058525
0.137,0.767,0.106,0.526,0.986,12.494809951116274,-12.798425001086766,4.542792351788064
0.145,0.767,0.104,0.562,0.994,11.289055306491045,-10.681832288975809,4.546328283703168
0.153,0.767,0.116,0.584,1.0,11.743860325543785,-5.963829183840458,4.433615721985062
0.161,0.767,0.084,0.526,0.988,11.086343719033518,-15.073433794489567,3.9927202179248393
0.169,0.767,0.104,0.568,0.996,12.690280590839254,-9.875277474344045,3.863312569311296
0.177,0.767,0.116,0.548,1.0,10.323301305580665,-8.596016400709637,4.019746516962236
0.185,0.767,0.114,0.552,0.998,11.243724334398726,-10.174791565878158,3.6169853976555575
0.193,0.767,0.102,0.576,0.998,11.772325994220354,-11.640784526641173,3.4312984647174645
0.201,0.767,0.09,0.596,0.998,11.290345958858582,-15.665602772947384,3.407642786278282
0.209,0.767,0.122,0.61,1.0,13.70190295215486,-10.406154654358577,3.4451630047535367
0.217,0.767,0.098,0.544,0.998,10.977479264760337,-15.769487131637788,2.9050979566936226
0.225,0.767,0.116,0.53,0.998,8.725777002843852,-14.966872369957285,2.7533598062162055
0.233,0.767,0.094,0.572,1.0,11.258062817692071,-12.35754982047049,2.868528797214186
0.241,0.767,0.124,0.612,1.0,8.967741083008242,-12.600304231470915,2.7851159611751286
0.249,0.767,0.114,0.58,1.0,8.122020170036352,-9.880287994494747,2.6869768314700386
0.257,0.767,0.096,0.568,1.0,7.955723578190645,-11.352091180550367,2.2530274145072964
0.265,0.767,0.112,0.588,1.0,10.207988311472983,-10.723981372838264,2.4542235096047333
0.273,0.767,0.126,0.598,1.0,11.707821080829165,-10.5516239730845,2.478501849535567
0.281,0.767,0.116,0.6,1.0,9.864657809042075,-7.507315986521096,2.3862896032212104
0.289,0.767,0.1,0.588,1.0,11.001200206411534,-11.214196647619662,1.856915128646335
0.297,0.767,0.132,0.63,1.0,8.573263461212026,-10.136412459672577,1.9995326646785017
0.305,0.767,0.11,0.584,0.998,9.312677896335552,-7.539637514228629,1.919252795408882
0.313,0.767,0.136,0.634,1.0,8.841321204460357,-7.493151684109435,2.043026449594254
0.321,0.767,0.09,0.614,1.0,9.994073953679042,-11.016055737333506,1.849349119492254
0.329,0.767,0.136,0.604,1.0,8.287362959030462,-10.465125316905143,1.7136824254455867
0.337,0.767,0.136,0.612,1.0,8.857670684285385,-14.692530395189461,1.577205265051889
0.345,0.767,0.142,0.626,1.0,7.042230271199371,-8.357730506311817,1.6133873055284376
0.353,0.767,0.116,0.656,1.0,6.012002662941872,-8.870346385028247,1.54288443314433
0.361,0.767,0.136,0.628,1.0,8.315038108523236,-9.43307710732666,1.5054060899005863
0.369,0.767,0.124,0.61,1.0,6.4614296601922,-9.6351144489185,1.3807302438872018
0.377,0.767,0.146,0.644,1.0,8.767711366523159,-9.236617787111262,1.5113413229145962
0.385,0.767,0.152,0.674,1.0,7.40274607142717,-8.569445160070092,1.5159314777523882
0.393,0.767,0.108,0.664,1.0,5.998914272547093,-14.016515053789007,1.234592561570195
0.401,0.767,0.17,0.678,1.0,6.533944614926934,-6.993705446480955,1.255660352019056
0.409,0.767,0.164,0.674,1.0,6.420760549674879,-7.910543000975414,1.056283291639238
0.417,0.767,0.128,0.654,1.0,6.703805220660329,-7.760813074074235,1.1766966027348507
0.425,0.767,0.13,0.656,1.0,7.250530364668297,-6.955133152413882,1.104184735686696
0.433,0.767,0.134,0.646,1.0,6.390425585692426,-9.899035459107669,0.8858020209008418
0.441,0.767,0.122,0.64,1.0,7.380340887398209,-9.474173672467176,0.9944428431338015
0.449,0.767,0.108,0.626,1.0,11.864080193115527,-10.78350728273387,0.734791270806584
0.457,0.767,0.136,0.684,1.0,7.523079009043538,-6.831270147409696,0.865389607804778
0.465,0.767,0.156,0.712,1.0,7.088545575686889,-10.369613061070165,0.7936612916671755
0.473,0.767,0.148,0.704,1.0,6.746015371974794,-8.656915112099611,0.7793494339425197
0.481,0.767,0.136,0.708,1.0,6.514348779095034,-7.550627208059112,0.7162951647773709
0.489,0.767,0.174,0.688,1.0,8.30930623259147,-6.859437594350988,0.6921904955243625
0.497,0.767,0.176,0.726,1.0,5.570825065099006,-9.076864404769424,0.6282355420875658
0.505,0.767,0.164,0.716,1.0,7.836892377653993,-6.465310371187242,0.6888994716322252
0.513,0.767,0.144,0.666,1.0,6.034152702025766,-8.858423841585475,0.49842351713566
0.521,0.767,0.192,0.708,1.0,11.420192421231356,-6.4057086211125,0.6709945060948094
0.529,0.767,0.204,0.7,1.0,4.868188688559474,-5.276349484944573,0.6680164918338592
0.537,0.767,0.178,0.716,1.0,8.593449102738848,-15.56016528020368,0.44293843347914996
0.545,0.767,0.194,0.734,1.0,6.917216017098992,-8.251868619377943,0.46645037683974105
0.553,0.767,0.158,0.726,1.0,5.748424753230011,-6.302901506056852,0.4639765177134988
0.561,0.767,0.158,0.716,1.0,7.423536993695668,-11.931873973651626,0.34881478115179504
0.569,0.767,0.162,0.722,1.0,7.034814886145641,-6.623259260138707,0.5107278416932288
0.577,0.767,0.186,0.728,1.0,7.254943680166376,-5.515785388789352,0.507231332965553
0.585,0.767,0.17,0.732,1.0,4.832697507653825,-7.015237634337657,0.42312140265663173
0.593,0.767,0.19,0.764,1.0,6.273079949134374,-5.304018707898803,0.3414575817022015
0.601,0.767,0.21,0.768,1.0,7.118352566205667,-6.56422597308643,0.27844596627426077
0.609,0.767,0.198,0.762,1.0,8.219944890951318,-6.2305249624228205,0.3722477804104405
0.617,0.767,0.168,0.77,1.0,4.548627803257471,-6.799316220740325,0.2178893312721007
0.625,0.767,0.152,0.782,1.0,8.208221120072944,-6.382167521839406,0.16458047262497075
0.633,0.767,0.242,0.806,1.0,6.812825948358455,-4.765192747467367,0.3335332205696257
0.641,0.767,0.21,0.786,1.0,7.191565435836198,-4.977970389239538,0.33599201247106225
0.649,0.767,0.2,0.79,1.0,5.657792271565076,-6.673151013089178,0.13693097665658516
0.657,0.767,0.23,0.796,1.0,5.192870130912251,-6.443780951417356,0.24347174799936555
0.665,0.767,0.214,0.792,1.0,6.189906497960045,-5.919491003805229,0.10509749853590213
0.673,0.767,0.234,0.804,1.0,6.8634130807534515,-5.1986494628258715,0.11187703523621613
0.681,0.767,0.222,0.814,1.0,5.761803478046656,-4.987003427948693,0.10771345907287438
0.689,0.767,0.206,0.798,1.0,5.445486503390298,-6.354771929382563,0.067253297680208
0.697,0.767,0.238,0.87,1.0,5.318454085779248,-5.8433807587989,0.1802347321945426
0.705,0.767,0.256,0.836,1.0,6.095866862539041,-5.615952790497856,0.07904065429582147
0.713,0.767,0.246,0.82,1.0,7.097981705475439,-5.238923814923418,0.14166913249354063
0.721,0.767,0.226,0.826,1.0,4.8547568194129385,-4.552611910779081,0.01286145573637994
0.729,0.767,0.268,0.854,1.0,9.345569157023085,-4.0520926902865435,0.0668155091127813
0.737,0.767,0.228,0.842,1.0,4.7975917903192995,-3.244380824014083,0.06626595801182625
0.745,0.767,0.254,0.84,1.0,5.396948987686528,-5.164186196975337,0.03176076459806799
0.753,0.767,0.276,0.846,1.0,6.5237758089312665,-4.86749136801218,-0.004460255503627049
0.761,0.767,0.274,0.878,1.0,4.504712329538707,-3.007784008106217,-0.060125408233679255
0.769,0.767,0.324,0.86,1.0,4.074491718002741,-0.769,-0.09268609481135878
0.777,0.767,0.346,0.894,1.0,4.2067768528807195,-0.777,-0.05760199983377834
0.785,0.767,0.288,0.856,1.0,6.424055497551732,-0.785,-0.026451820482203323
0.793,0.767,0.342,0.868,1.0,4.975905446943918,-0.793,-0.02701668930753506
0.801,0.767,0.372,0.89,1.0,5.1502939422542715,-0.801,-0.059920277771550116
0.809,0.767,0.402,0.878,1.0,7.121164856128559,-0.809,-0.07395110040873329
0.817,0.767,0.362,0.876,1.0,4.804148378644793,-0.817,-0.08237809995873424
0.825,0.767,0.388,0.868,1.0,4.762760473478352,-0.825,-0.08997082346422884
0.833,0.767,0.364,0.874,1.0,5.668919516141306,-0.833,-0.07717784516456255
0.841,0.767,0.384,0.874,1.0,4.323576063821029,-0.841,-0.10180067138481423
0.849,0.767,0.386,0.916,1.0,6.378910003501886,-0.849,0.023089499869282406
0.857,0.767,0.324,0.89,1.0,4.532768616013484,-0.857,-0.07837521081182527
0.865,0.767,0.366,0.886,1.0,6.9367193624081915,-0.865,-0.04244317582628766
0.873,0.767,0.39,0.868,1.0,5.182023553322759,-0.873,-0.05129599980198897
0.881,0.767,0.39,0.906,1.0,4.281581835247718,-0.881,-0.21253929402541882
0.889,0.767,0.412,0.916,1.0,4.098977229491662,-0.889,-0.19197971330878924
0.897,0.767,0.434,0.914,1.0,5.755127782033269,-0.897,-0.1654876301233059
0.905,0.767,0.412,0.922,1.0,5.7209831154064394,-0.905,-0.1233095596742874
0.913,0.767,0.5,0.916,1.0,5.748465548174643,-0.913,-0.13038241631434885
0.921,0.767,0.436,0.908,1.0,6.229499332025493,-0.921,-0.0888853875042763
0.929,0.767,0.404,0.914,1.0,7.192186241719266,-0.929,-0.1261130871488583
0.937,0.767,0.45,0.912,1.0,4.758931196231466,-0.937,-0.08327990643202922
0.945,0.767,0.438,0.914,1.0,6.421048100677658,-0.945,-0.2855314592268858
0.953,0.767,0.446,0.93,1.0,6.138915005234893,-0.953,-0.22594598762119952
0.961,0.767,0.472,0.94,1.0,5.428397111508434,-0.961,-0.13982932160098144
0.969,0.767,0.452,0.926,1.0,5.866244076506652,-0.969,-0.2584801971056261
0.977,0.767,0.432,0.928,1.0,4.096192925704901,-0.977,-0.1948900931654184
0.985,0.767,0.478,0.928,1.0,6.669816639689625,-0.985,-0.16389046333192053
0.993,0.767,0.444,0.924,1.0,4.328114152310276,-0.993,-0.2249268371032046
0.001,0.775,0.04,0.14,0.226,34.62936364278309,-0.997,6.768237594067042
0.009,0.775,0.114,0.534,0.794,23.72483430711821,-8.594999999999999,13.654968286236809
0.017,0.775,0.082,0.482,0.936,22.764075938884396,-16.371000000000002,12.772477993990865
0.025,0.775,0.078,0.42,0.958,18.900461340470553,-20.470897966815816,11.33145399675612
0.033,0.775,0.078,0.474,0.964,18.46004073531213,-20.965283430567226,10.801168673664185
0.041,0.775,0.11,0.518,0.978,17.443487777479678,-13.4534728669288,10.01587222768913
0.049,0.775,0.058,0.476,0.96,18.12351733754136,-13.360499617739972,8.880275059933886
0.057,0.775,0.096,0.502,0.968,18.124746630156316,-10.163021224093312,8.7135689722034
0.065,0.775,0.078,0.516,0.984,14.791999055874815,-20.517130467849306,8.008566174428163
0.073,0.775,0.084,0.484,0.964,14.146353323831956,-17.696221247961688,7.154729160691707
0.081,0.775,0.086,0.498,0.984,14.672103346382325,-10.202602067830862,7.415983769162895
0.089,0.775,0.08,0.472,0.968,14.724390628112744,-10.552529362320945,6.383180132464769
0.097,0.775,0.068,0.468,0.986,14.216174905119011,-14.693307351140309,5.96043243998026
0.105,0.775,0.072,0.52,0.984,13.24755733548645,-12.141682799857325,5.870316658455393
0.113,0.775,0.082,0.514,0.986,12.893971923821816,-10.56263633187832,5.545992216025684
0.121,0.775,0.104,0.53,0.99,12.840654469155837,-15.475678081813614,5.225507742320716
0.129,0.775,0.076,0.546,0.982,10.820174475857705,-14.65022977994972,4.862754562200952
0.137,0.775,0.082,0.572,0.996,12.147533915428765,-9.108826611841593,5.103722078051652
0.145,0.775,0.08,0.522,0.996,10.915852555522648,-8.522254414554197,4.919237048575587
0.153,0.775,0.082,0.53,0.994,12.522144667317642,-17.261415775135497,4.278833710255485
0.161,0.775,0.102,0.514,0.998,11.993553091681134,-10.375544729654056,4.189242442246581
0.169,0.775,0.114,0.59,0.996,11.17675143757335,-18.35332114759698,4.243812187662726
0.177,0.775,0.118,0.538,0.996,12.252165302657565,-13.382365861868596,3.9980954175381176
0.185,0.775,0.08,0.504,0.994,10.384601389248804,-12.459409063286977,3.456597844876941
0.193,0.775,0.09,0.542,0.998,10.97411198723397,-11.47635095836251,3.669126238252726
0.201,0.775,0.094,0.546,0.988,11.758713750277376,-19.857714943677703,3.1804886590832613
0.209,0.775,0.1,0.548,0.998,10.729959652585226,-9.441841146586343,3.33450970094078
0.217,0.775,0.124,0.55,1.0,9.334759343490578,-11.889926990603943,3.0518924517948745
0.225,0.775,0.102,0.528,0.996,9.790649242073895,-11.586094276114522,2.9852531860273057
0.233,0.775,0.09,0.568,1.0,8.763151696295784,-10.713748259413352,2.8994523110363337
0.241,0.775,0.118,0.562,1.0,11.396946003277824,-9.960131471798029,2.928439406627058
0.249,0.775,0.088,0.594,1.0,10.41863672672207,-8.477085462077962,2.70381553821787
0.257,0.775,0.124,0.586,1.0,8.305460555897646,-9.275189463724947,2.7115425481002218
0.265,0.775,0.108,0.56,0.998,10.776059093803617,-14.832023784908964,2.4318171153932497
0.273,0.775,0.11,0.59,1.0,9.881932271443098,-9.672663227107638,2.4954031718598046
0.281,0.775,0.108,0.594,1.0,8.940203114835873,-11.467371905278181,2.3769312127803213
0.289,0.775,0.12,0.594,1.0,8.637940792023393,-14.437384539114381,2.300791275930377
0.297,0.775,0.112,0.594,1.0,7.919198211004384,-10.777027773599908,2.1670633046032197
0.305,0.775,0.116,0.576,1.0,9.141803294141678,-8.054619024782347,2.0822766152700805
0.313,0.775,0.122,0.63,1.0,8.923856810911266,-10.405431882319746,1.9186225799329117
0.321,0.775,0.102,0.576,1.0,7.810929247098763,-14.35599646787633,1.768645796636795
0.329,0.775,0.096,0.57,0.998,8.92119754167244,-13.291901672255097,1.7187420350136202
0.337,0.775,0.116,0.576,1.0,10.19138459256523,-12.004638271012752,1.5640293382253871
0.345,0.775,0.102,0.598,1.0,7.928875401486875,-10.644644128385762,1.6540683380192136
0.353,0.775,0.12,0.644,1.0,9.078723921073522,-8.112023786587493,1.552416734145882
0.361,0.775,0.156,0.65,1.0,10.76790024369162,-8.705070686597137,1.6133519128064888
0.369,0.775,0.124,0.634,1.0,8.266248538858427,-12.338800702502999,1.4331227107560514
0.377,0.775,0.112,0.632,1.0,8.748085608138974,-8.64168234291569,1.4283845862666933
0.385,0.775,0.112,0.602,1.0,7.120226175374693,-11.582251215378804,1.363653860400923
0.393,0.775,0.14,0.638,1.0,9.331326663343615,-10.158592964831254,1.3561497110658318
0.401,0.775,0.124,0.624,1.0,8.487250614943868,-15.494798707056116,1.2842601378169818
0.409,0.775,0.144,0.616,1.0,10.59615150975144,-10.621913303618218,1.2935018461082821
0.417,0.775,0.15,0.654,1.0,12.465551056986822,-10.431327070698133,1.1331564173023354
0.425,0.775,0.112,0.64,1.0,8.076665204776576,-10.101694956309986,1.1411972260403571
0.433,0.775,0.154,0.662,1.0,7.207374961383067,-9.900512422759864,1.1684652743487958
0.441,0.775,0.14,0.632,1.0,6.243723004332244,-10.250412729380079,0.8219835600226023
0.449,0.775,0.118,0.634,1.0,8.51660697223696,-6.42432796224892,0.9301160810196801
0.457,0.775,0.142,0.658,1.0,6.129494660719509,-7.8664505039291415,0.8040224257274103
0.465,0.775,0.158,0.66,1.0,7.106232238480196,-12.53481705766162,0.8941850060683425
0.473,0.775,0.134,0.656,1.0,6.797016744686184,-15.602963510153181,0.6631140453451256
0.481,0.775,0.158,0.672,1.0,8.310480552089935,-7.582166153047332,0.8050865419016433
0.489,0.775,0.15,0.644,1.0,7.851771126151348,-9.611540854345073,0.7290041541525665
0.497,0.775,0.16,0.674,1.0,5.535256825277784,-10.50571782645336,0.6711163978791838
0.505,0.775,0.146,0.698,1.0,7.5705970231507145,-5.599768317412364,0.7275785512231928
0.513,0.775,0.166,0.692,1.0,6.005172041359673,-9.674111375433242,0.6966316629345652
0.521,0.775,0.172,0.668,1.0,8.40273332358251,-8.465465601853674,0.5823057471100096
0.529,0.775,0.158,0.692,1.0,8.334220856467908,-9.936605245361545,0.5623621539466193
0.537,0.775,0.158,0.744,1.0,6.879033202669197,-11.73207682077988,0.6000295647798916
0.545,0.775,0.142,0.738,1.0,11.149662062155855,-6.576056408515101,0.48200490496642845
0.553,0.775,0.18,0.732,1.0,5.515161505130316,-7.3243108519529585,0.5436515152776089
0.561,0.775,0.176,0.748,1.0,6.445903939510295,-7.7154363994407875,0.42037908784159106
0.569,0.775,0.198,0.758,1.0,6.272998523480962,-6.393383106805567,0.570243169198656
0.577,0.775,0.156,0.754,1.0,5.731130292352082,-5.871146059765723,0.47590050732879985
0.585,0.775,0.196,0.744,1.0,8.367870792057165,-7.8199460213312095,0.4434905735804006
0.593,0.775,0.164,0.752,1.0,6.373412628619761,-7.888105489275338,0.36287871209500416
0.601,0.775,0.192,0.742,1.0,7.052068921194166,-5.411519761148565,0.3921050271113466
0.609,0.775,0.19,0.76,1.0,5.081557637573949,-7.94396802843672,0.4109121364883377
0.617,0.775,0.17,0.714,1.0,5.275229436300872,-7.372534468481071,0.32565490092828797
0.625,0.775,0.21,0.754,1.0,5.832240706879235,-5.223031018779935,0.3048698106011721
0.633,0.775,0.23,0.78,1.0,5.966306456432809,-6.6720578053253465,0.3165645399444601
0.641,0.775,0.222,0.79,1.0,5.4526136131547265,-6.63521106991654,0.13478811891934078
0.649,0.775,0.186,0.772,1.0,4.665650099034015,-6.085799112153308,0.17470309698260028
0.657,0.775,0.2,0.756,1.0,5.276265763830367,-12.27487424046313,0.1898154569686174
0.665,0.775,0.196,0.782,1.0,5.801543866652183,-4.517112402019563,0.19878680639063034
0.673,0.775,0.196,0.78,1.0,5.022628888060929,-4.705083193003091,0.22249928787574125
0.681,0.775,0.226,0.798,1.0,9.779358824402468,-4.354644211565199,0.13994612152393618
0.689,0.775,0.172,0.792,1.0,5.961617387343028,-3.7053078125549237,0.18307125819435144
0.697,0.775,0.206,0.838,1.0,5.829265951339065,-4.397866068542751,0.08590572909402085
0.705,0.775,0.22,0.804,1.0,7.610489288654733,-3.9211562319206914,0.15648139111862483
0.713,0.775,0.23,0.852,1.0,7.0233540946192905,-5.769569922894842,0.1004697473795677
0.721,0.775,0.212,0.846,1.0,5.652628286509108,-3.8729697801929737,0.05736382086019259
0.729,0.775,0.226,0.8,1.0,5.759474366314122,-4.145887344204643,0.0535153473967878
0.737,0.775,0.274,0.846,1.0,4.778281258426119,-5.438971829845992,0.19696553459012509
0.745,0.775,0.246,0.838,1.0,8.780531735262272,-4.185706601141328,-0.03426293963919391
0.753,0.775,0.266,0.834,1.0,4.044075588495583,-4.346181034665753,-0.06950791066795614
0.761,0.775,0.258,0.852,1.0,6.126056911654562,-3.392894361223531,0.06227868114809836
0.769,0.775,0.29,0.826,1.0,7.477487349442123,-3.670941161209175,-0.02386485796456408
0.777,0.775,0.32,0.836,1.0,5.750856768090238,-0.777,0.03986962123731523
0.785,0.775,0.334,0.884,1.0,3.1353828265501207,-0.785,-0.07623269429399374
0.793,0.775,0.348,0.896,1.0,7.226945495239554,-0.793,0.021780486763258368
0.801,0.775,0.348,0.88,1.0,4.706491860194415,-0.801,0.020246214157265095
0.809,0.775,0.364,0.882,1.0,3.859496304868708,-0.809,-0.030438117809051417
0.817,0.775,0.332,0.836,1.0,7.418092835540573,-0.817,-0.0489626859723231
0.825,0.775,0.372,0.87,1.0,6.289044317562073,-0.825,-0.026103934904876055
0.833,0.775,0.358,0.892,1.0,5.972385105441846,-0.833,-0.07637696622101574
0.841,0.775,0.346,0.868,1.0,5.616966367191736,-0.841,-0.10215413709512428
0.849,0.775,0.376,0.88,1.0,9.339069941030894,-0.849,0.007704702502326789
0.857,0.775,0.37,0.904,1.0,6.3155492767840355,-0.857,-0.09008264301999783
0.865,0.775,0.37,0.87,1.0,6.938183027475544,-0.865,-0.16415206595111026
0.873,0.775,0.414,0.926,1.0,6.037214298900337,-0.873,-0.021704474557523112
0.881,0.775,0.368,0.876,1.0,5.239233865773315,-0.881,-0.1026893367397887
0.889,0.775,0.412,0.904,1.0,5.5056957164421645,-0.889,-0.1078842618123929
0.897,0.775,0.416,0.904,1.0,7.266632224575414,-0.897,-0.12407197323448732
0.905,0.775,0.436,0.902,1.0,4.713234183554991,-0.905,-0.17866111593581324
0.913,0.775,0.384,0.914,1.0,6.006824330018292,-0.913,-0.1298604942905793
0.921,0.775,0.426,0.89,1.0,6.4097785099660065,-0.921,-0.07474844614920104
0.929,0.775,0.406,0.916,1.0,5.412276506598821,-0.929,-0.1830971863731666
0.937,0.775,0.422,0.912,1.0,4.516092489832607,-0.937,-0.11786306394993179
0.945,0.775,0.438,0.93,1.0,4.215284818434537,-0.945,-0.15353220586772037
0.953,0.775,0.44,0.89,1.0,3.963889166027378,-0.953,-0.12695533999232492
0.961,0.775,0.478,0.922,1.0,4.087033699021377,-0.961,-0.2804576162794206
0.969,0.775,0.486,0.904,1.0,5.9812313131808565,-0.969,-0.18710841951030896
0.977,0.775,0.462,0.91,1.0,3.443321924073721,-0.977,-0.23289843604906912
0.985,0.775,0.462,0.93,1.0,5.016507189450367,-0.985,-0.2502320205940544
0.993,0.775,0.452,0.918,1.0,3.821239540665959,-0.993,-0.23190554066420438
0.001,0.783,0.03,0.118,0.208,34.15928376820475,-0.992,6.4539384120741445
0.009,0.783,0.08,0.5,0.79,24.344871641099644,-8.703,14.135784277141234
0.017,0.783,0.07,0.474,0.944,20.87338343324777,-16.507,13.51434843871959
0.025,0.783,0.064,0.444,0.97,20.78550175706865,-17.25,12.263890375690229
0.033,0.783,0.076,0.494,0.97,20.405849275183233,-24.9209392507896,10.915613466865082
0.041,0.783,0.07,0.43,0.954,19.23150110122959,-21.853,10.03302362526682
0.049,0.783,0.064,0.43,0.958,19.818904767535155,-11.941099580740186,9.013770728814439
0.057,0.783,0.054,0.448,0.962,17.564867523654407,-31.407,8.510292234550453
0.065,0.783,0.076,0.47,0.964,16.00762909306486,-14.374996956495345,8.262067199643656
0.073,0.783,0.058,0.44,0.97,14.817437335915908,-25.080439221024058,7.767859876910353
0.081,0.783,0.068,0.446,0.974,14.286747035145709,-16.37676058231773,7.243312129599445
0.089,0.783,0.078,0.5,0.988,13.591486877552926,-15.381840558340821,6.996828547633549
0.097,0.783,0.086,0.512,0.982,13.64872452216978,-10.91385702180132,6.547765673273869
0.105,0.783,0.058,0.494,0.988,14.903973097317234,-9.233126308358665,6.285340983276639
0.113,0.783,0.086,0.522,0.982,13.436012530780989,-14.13886231030625,5.859056307404986
0.121,0.783,0.078,0.474,0.98,12.965362228940304,-17.840202425751265,5.538404522411481
0.129,0.783,0.066,0.5,0.982,11.301012533220401,-11.209234862673107,5.086824023097062
0.137,0.783,0.082,0.522,0.986,11.840722566436867,-14.342672944749093,5.112603202841852
0.145,0.783,0.086,0.5,0.99,12.707296185252694,-16.120171127464943,4.6480455433810395
0.153,0.783,0.084,0.496,0.996,12.546095539065135,-8.794171802415438,4.525233129077863
0.161,0.783,0.1,0.538,0.992,12.382918737544232,-11.16106312716734,4.372421526651248
0.169,0.783,0.076,0.53,0.992,12.53000298022173,-20.33361538629393,4.332278925571921
0.177,0.783,0.1,0.536,0.998,11.834168748915724,-12.377319305966664,3.9947914954664885
0.185,0.783,0.076,0.494,0.996,12.385285401317942,-9.411748506203113,3.774745573169007
0.193,0.783,0.102,0.538,1.0,9.926962365402083,-10.364293040124867,3.849908896360788
0.201,0.783,0.09,0.566,0.996,9.887997469894696,-8.583070989616552,3.755994732757833
0.209,0.783,0.074,0.5,0.998,11.259975035975078,-13.008273643268492,3.278814337864837
0.217,0.783,0.102,0.582,1.0,11.27139815850024,-11.168111560405938,3.554988595092332
0.225,0.783,0.1,0.544,1.0,11.409363111704275,-9.134656156662464,3.2831219056087253
0.233,0.783,0.092,0.548,0.998,10.538321101634423,-16.96147186247063,3.1765364991893934
0.241,0.783,0.084,0.526,1.0,9.61655628462918,-10.293832229191983,2.8637466724049303
0.249,0.783,0.082,0.526,1.0,8.188785850921604,-13.169339657751106,2.6458989330603244
0.257,0.783,0.086,0.56,1.0,8.978931459286633,-9.108247642756599,2.686419936027185
0.265,0.783,0.13,0.558,1.0,10.935564947545224,-14.634539606220345,2.541415497686133
0.273,0.783,0.104,0.56,1.0,10.882623294941876,-14.8980193890029,2.404085784956284
0.281,0.783,0.108,0.56,1.0,9.196490312207121,-8.999932238064138,2.3095715328857938
0.289,0.783,0.1,0.56,1.0,9.774793514726856,-17.225247663795074,2.383252186774788
0.297,0.783,0.094,0.546,1.0,9.114349369183348,-10.805188765099633,2.0447517967615005
0.305,0.783,0.098,0.572,1.0,8.847839738041582,-13.732452792446882,2.0377110370589055
0.313,0.783,0.112,0.562,0.998,7.596465909819218,-14.999331766904646,1.9778310588153476
0.321,0.783,0.102,0.578,1.0,8.620488324104848,-8.565708790198896,2.013866889200726
0.329,0.783,0.092,0.594,1.0,8.287826502443755,-12.41868717312738,1.9685778197438597
0.337,0.783,0.126,0.604,1.0,11.178950376431636,-12.2870263688148,1.8314163568086006
0.345,0.783,0.126,0.636,1.0,9.742372946635705,-12.811913881071547,1.740431070215954
0.353,0.783,0.134,0.626,1.0,8.384730260486638,-9.9316108064504,1.961273338836038
0.361,0.783,0.134,0.632,1.0,7.907961526002901,-9.976712468836798,1.595245504080743
0.369,0.783,0.118,0.58,1.0,12.900447658763547,-10.146631362383943,1.6162325561694808
0.377,0.783,0.156,0.624,1.0,7.786239209083429,-9.073611315356196,1.5383218928475144
0.385,0.783,0.116,0.606,1.0,7.482999921885762,-11.216578372150707,1.4971945030332072
0.393,0.783,0.132,0.61,1.0,9.408215069926044,-22.048971231200294,1.3114342039193416
0.401,0.783,0.136,0.65,1.0,7.263376575250909,-14.252105841988318,1.2479150127838143
0.409,0.783,0.138,0.628,1.0,8.619315263900807,-7.31198977148709,1.3009325061553345
0.417,0.783,0.124,0.586,1.0,6.265189825902755,-9.354341219434529,1.187990592879377
0.425,0.783,0.13,0.63,1.0,7.509465781138498,-11.893541029533775,1.1483549325855462
0.433,0.783,0.156,0.66,1.0,9.492702005132557,-7.270305450689564,1.0223746495959112
0.441,0.783,0.128,0.646,1.0,7.733957268962875,-11.367093901843688,1.0086699267135717
0.449,0.783,0.134,0.668,1.0,7.9373524512229015,-9.861158001301192,1.1106138498603224
0.457,0.783,0.128,0.624,1.0,7.449654820097388,-12.367802872696751,1.0584922236095167
0.465,0.783,0.132,0.6,1.0,7.854240594909395,-7.771053218583054,0.6863805764322678
0.473,0.783,0.146,0.634,1.0,9.851715211820014,-11.494081112201306,0.8898920822442495
0.481,0.783,0.124,0.618,1.0,6.004858423387136,-7.482408284037108,0.7272760693029641
0.489,0.783,0.136,0.63,1.0,7.317135491335847,-6.990238004042396,0.9096738588180588
0.497,0.783,0.16,0.674,1.0,7.989621085123678,-11.840830715355892,0.6492051103034597
0.505,0.783,0.182,0.662,1.0,8.215413997621411,-8.987381734090832,0.8739364832319182
0.513,0.783,0.162,0.656,1.0,6.8259266864699,-9.810824154242466,0.8276638902023951
0.521,0.783,0.146,0.67,1.0,7.269145704007978,-10.377595051117872,0.5455635705027219
0.529,0.783,0.15,0.676,1.0,5.705996379768089,-7.726728111321087,0.5530217215448544
0.537,0.783,0.136,0.686,1.0,7.486257227966073,-6.2461962285420105,0.47091406676143693
0.545,0.783,0.132,0.704,1.0,9.670340675169271,-8.265014577941635,0.5390683213871801
0.553,0.783,0.158,0.704,1.0,10.479781589940186,-6.670896853423865,0.562493343274377
0.561,0.783,0.162,0.698,1.0,6.354584641975525,-6.4565916822643175,0.3597139718735794
0.569,0.783,0.168,0.696,1.0,6.33732664572733,-9.823121201207488,0.4447118816617916
0.577,0.783,0.172,0.7,1.0,6.172418257267691,-5.831192468616475,0.5431569130188537
0.585,0.783,0.174,0.722,1.0,6.392164222314968,-9.260547843285343,0.4970039831796757
0.593,0.783,0.17,0.728,1.0,6.148926666536164,-6.813164378598286,0.4133924003017441
0.601,0.783,0.17,0.742,1.0,7.328597602387292,-5.567900428099598,0.40460032828345616
0.609,0.783,0.174,0.728,1.0,6.166962926808281,-6.685053902400166,0.4062140735045854
0.617,0.783,0.214,0.768,1.0,5.219825673193716,-5.191015109114291,0.5158378260081835
0.625,0.783,0.174,0.76,1.0,5.882161040287476,-5.03765067764258,0.3369631443348472
0.633,0.783,0.18,0.734,1.0,6.7227025553765145,-5.491331341348553,0.26160210439875203
0.641,0.783,0.134,0.752,1.0,5.254137264275751,-5.428901146304523,0.2282011485885401
0.649,0.783,0.174,0.786,1.0,5.679651256584289,-4.848142121096639,0.26946585287105673
0.657,0.783,0.186,0.786,1.0,4.962370031057375,-5.840798824775581,0.19477059992450044
0.665,0.783,0.192,0.798,1.0,6.694349778074174,-7.270253782562657,0.20299760199013106
0.673,0.783,0.188,0.796,1.0,7.462108368311913,-4.941756725512259,0.30936431324465924
0.681,0.783,0.218,0.798,1.0,6.738553785499336,-7.382323827638896,0.14173673369549955
0.689,0.783,0.22,0.778,1.0,5.4118168662070785,-6.8458118846349425,0.1370554183417155
0.697,0.783,0.208,0.764,1.0,5.54171908926069,-4.691053782450878,0.18516426476247017
0.705,0.783,0.202,0.76,1.0,7.485187786682959,-6.196792011332329,0.05550694639418428
0.713,0.783,0.218,0.804,1.0,5.3332013173502135,-4.325010435747252,0.17732570895204036
0.721,0.783,0.226,0.828,1.0,5.9299891823389235,-3.693828316576168,0.13776884625203167
0.729,0.783,0.222,0.788,1.0,6.67541414334513,-6.208666062763248,0.08129548949221846
0.737,0.783,0.272,0.798,1.0,4.947779568231841,-4.123913565319505,0.1559307071428381
0.745,0.783,0.238,0.826,1.0,7.0865965696570825,-3.3891648870745774,0.07246280620476038
0.753,0.783,0.278,0.8,1.0,4.6652461128619835,-4.00101147249545,0.08965817031144308
0.761,0.783,0.256,0.832,1.0,6.091823620118718,-4.202636753453435,-0.09541122822359614
0.769,0.783,0.254,0.868,1.0,4.508421364491423,-3.7434688441246418,-0.007607047733020452
0.777,0.783,0.264,0.814,1.0,6.462923285288459,-3.70367028836294,-0.005639763807507804
0.785,0.783,0.314,0.818,1.0,6.482762290339211,-0.785,0.050581705619851924
0.793,0.783,0.336,0.842,1.0,4.8874673931668395,-0.793,-0.02151103656950913
0.801,0.783,0.314,0.836,1.0,6.366552876325619,-0.801,-0.030944656260519822
0.809,0.783,0.31,0.872,1.0,8.954064808996845,-0.809,-0.08943865499782641
0.817,0.783,0.376,0.87,1.0,5.353811842291817,-0.817,-0.04975628277217859
0.825,0.783,0.346,0.876,1.0,6.416280310508301,-0.825,-0.013089649728363366
0.833,0.783,0.382,0.88,1.0,4.235265869415468,-0.833,-0.06378239730342548
0.841,0.783,0.374,0.874,1.0,5.265731522913114,-0.841,-0.03796475498099125
0.849,0.783,0.364,0.854,1.0,5.324649376616166,-0.849,-0.04906651318700472
0.857,0.783,0.314,0.868,1.0,9.614378278506791,-0.857,0.00409627272572278
0.865,0.783,0.386,0.876,1.0,5.787673863843137,-0.865,-0.11331999305450943
0.873,0.783,0.39,0.892,1.0,7.758549607213715,-0.873,-0.07363385286583007
0.881,0.783,0.408,0.888,1.0,4.22756519636253,-0.881,-0.10018043354092543
0.889,0.783,0.402,0.91,1.0,6.212117067311481,-0.889,-0.17067107693683523
0.897,0.783,0.404,0.89,1.0,4.646580443730267,-0.897,-0.10097701999684955
0.905,0.783,0.446,0.886,1.0,5.531495138178782,-0.905,-0.13460701214482745
0.913,0.783,0.422,0.908,1.0,4.972118423345766,-0.913,-0.1628712058079366
0.921,0.783,0.426,0.904,1.0,5.8420537010436755,-0.921,-0.1293634046385329
0.929,0.783,0.428,0.88,1.0,5.36720800005311,-0.929,-0.12885342020700782
0.937,0.783,0.452,0.9,1.0,6.6857028338766895,-0.937,-0.13547079948586624
0.945,0.783,0.424,0.902,1.0,5.038572483128951,-0.945,-0.1676913781439571
0.953,0.783,0.416,0.91,1.0,7.112062798694004,-0.953,-0.13394221460252148
0.961,0.783,0.43,0.92,1.0,4.334507853668772,-0.961,-0.22007439777344195
0.969,0.783,0.45,0.902,1.0,4.0820196123883665,-0.969,-0.24873336269699808
0.977,0.783,0.416,0.888,1.0,6.859387715448316,-0.977,-0.07257384899376973
0.985,0.783,0.444,0.924,1.0,5.882052718151994,-0.985,-0.17965936379511083
0.993,0.783,0.484,0.926,1.0,5.347660064779695,-0.993,-0.10262954099883047
0.001,0.791,0.02,0.106,0.202,38.45633988326389,-0.989,6.623934082237877
0.009,0.791,0.072,0.444,0.75,27.226393199903768,-8.828999999999999,13.825328605347142
0.017,0.791,0.076,0.462,0.918,22.17743935543558,-13.719000000000001,13.720723049979835
0.025,0.791,0.058,0.428,0.976,20.608299133956862,-19.060185958917117,13.263604704198437
0.033,0.791,0.058,0.428,0.968,18.27419908652841,-13.004154349484669,11.48946665901171
0.041,0.791,0.06,0.456,0.96,17.31857185054429,-6.478520645996124,10.535889560205533
0.049,0.791,0.082,0.44,0.962,19.34393012163717,-22.81546190051457,9.596090404273037
0.057,0.791,0.052,0.44,0.956,15.753336527610909,-29.473190717035287,8.746035427720923
0.065,0.791,0.07,0.45,0.958,17.607129081957574,-14.653410596861184,8.342859887298333
0.073,0.791,0.072,0.432,0.962,17.972477790106215,-10.462077147939372,7.8427581553601735
0.081,0.791,0.07,0.44,0.984,15.6299588033382,-8.613424744520913,7.827325242264207
0.089,0.791,0.062,0.456,0.978,14.059211320936805,-21.036351314841433,6.962748239922198
0.097,0.791,0.07,0.46,0.978,16.347062952047118,-11.742045096389658,6.8728377519326935
0.105,0.791,0.1,0.498,0.982,13.842691967481407,-11.174942911439341,6.5568739408361525
0.113,0.791,0.07,0.464,0.984,14.93902105900191,-10.759361574874557,6.364654765165011
0.121,0.791,0.078,0.462,0.974,12.50547320438182,-12.778249169505777,5.673518595111876
0.129,0.791,0.092,0.504,0.992,12.812289177258938,-24.035689748804035,5.569388647237901
0.137,0.791,0.08,0.432,0.988,13.190306125809157,-14.637049983572659,5.131225488394611
0.145,0.791,0.078,0.486,0.988,11.585977493009255,-13.945678174967286,4.842736278670568
0.153,0.791,0.086,0.532,0.99,12.548667509716461,-15.295064462591663,4.9481028264716125
0.161,0.791,0.078,0.482,0.99,10.563118312953204,-18.990386035183597,4.5175308414088695
0.169,0.791,0.094,0.49,0.996,17.475485502320268,-13.221332565167351,4.3659745467116435
0.177,0.791,0.084,0.494,1.0,15.158612123101868,-10.098003775184974,4.089443003307421
0.185,0.791,0.076,0.512,0.996,12.017616519672284,-10.974785236616283,4.015863660841348
0.193,0.791,0.076,0.51,0.992,11.80696194633196,-17.88530898061126,3.8264055048663526
0.201,0.791,0.082,0.482,0.994,9.932770631683505,-12.38506534577073,3.6435106899647742
0.209,0.791,0.086,0.536,0.998,9.393440640927857,-21.428843844705305,3.6102391273407615
0.217,0.791,0.094,0.524,0.998,10.296057342082047,-18.422439226516776,3.463983725589627
0.225,0.791,0.09,0.5,0.998,8.988365402356912,-9.494837080800092,3.0937185645224954
0.233,0.791,0.102,0.54,1.0,9.730605889854042,-15.11797257710565,3.163798511518152
0.241,0.791,0.074,0.518,1.0,10.228243937722944,-8.31950679178934,3.200387204166169
0.249,0.791,0.074,0.528,1.0,8.57134052079499,-9.156481098947129,3.139405410362968
0.257,0.791,0.092,0.544,1.0,9.797404402058474,-7.818902886627742,2.9546208489555768
0.265,0.791,0.11,0.512,0.998,8.344324768284457,-16.557249441481545,2.787606571433608
0.273,0.791,0.112,0.572,0.998,12.241029816728416,-14.067328691067193,2.4870278347785795
0.281,0.791,0.086,0.548,1.0,8.65261422244927,-11.943723686567797,2.495783708669596
0.289,0.791,0.106,0.578,1.0,8.124247000838567,-9.067240137947802,2.4805801557967775
0.297,0.791,0.116,0.568,1.0,8.580249632832068,-12.666469276848888,2.3369533973881023
0.305,0.791,0.114,0.542,1.0,9.89338469836433,-14.37971965141275,2.124014422743718
0.313,0.791,0.086,0.55,1.0,10.977846677985893,-10.591187267346118,2.274319439025297
0.321,0.791,0.096,0.544,1.0,8.81226161994007,-9.871237633248942,2.245663303364443
0.329,0.791,0.126,0.576,1.0,8.07559758565228,-9.979185917742962,2.120254844476425
0.337,0.791,0.082,0.562,1.0,7.653713401522807,-8.860840588469108,1.804838403841237
0.345,0.791,0.092,0.576,1.0,7.29862831313398,-13.65482681108104,1.7711482787741952
0.353,0.791,0.12,0.606,1.0,8.018512182683967,-10.332661546291007,1.8529180076617326
0.361,0.791,0.114,0.574,1.0,12.939760424056002,-7.891071195615998,1.7965748146400777
0.369,0.791,0.098,0.564,1.0,8.644261079040513,-8.885471962399269,1.6135216464390032
0.377,0.791,0.112,0.592,1.0,9.460140855371206,-12.077703846705099,1.378065537456319
0.385,0.791,0.12,0.642,1.0,7.573773000513248,-9.969676218114131,1.5895470718375373
0.393,0.791,0.124,0.634,1.0,6.850641802036487,-12.975050390438447,1.420015440965228
0.401,0.791,0.118,0.588,1.0,8.0788316191556,-10.493791498304297,1.379732975702106
0.409,0.791,0.132,0.63,1.0,7.099104471210267,-14.91317738946442,1.4451595435101066
0.417,0.791,0.104,0.636,1.0,7.0804640752421815,-8.063719798876434,1.179311470331236
0.425,0.791,0.146,0.62,1.0,7.384517541074553,-9.283300485630301,1.2545058213304525
0.433,0.791,0.116,0.62,1.0,6.301829178920628,-9.20535910113164,1.1010020527501998
0.441,0.791,0.11,0.606,1.0,7.504516316140181,-9.852036817901103,1.0263262473191372
0.449,0.791,0.144,0.636,1.0,6.790690506551625,-6.383591709837072,1.2068397661765498
0.457,0.791,0.132,0.632,1.0,6.560477405063157,-8.757273726495342,0.9553862428767789
0.465,0.791,0.148,0.606,1.0,7.994226360091299,-8.621495702540038,1.0091527014755028
0.473,0.791,0.138,0.636,1.0,7.00686334495591,-11.561609416050555,0.741279286639463
0.481,0.791,0.146,0.644,1.0,10.827570727180918,-7.754616405997228,0.9090748722636498
0.489,0.791,0.16,0.642,1.0,7.866648307279059,-7.462160070034855,0.9091895471789125
0.497,0.791,0.126,0.624,1.0,6.078205454947739,-7.7109068537132535,0.7055220097283585
0.505,0.791,0.15,0.658,1.0,6.9667200869239245,-6.738160942931028,0.749385624335909
0.513,0.791,0.176,0.696,1.0,6.577170971777261,-7.968798226210083,0.6648258502077584
0.521,0.791,0.174,0.666,1.0,8.943877257433853,-7.247395646171648,0.6725111379678339
0.529,0.791,0.18,0.7,1.0,6.301257260875244,-8.056727159016535,0.7283365351641055
0.537,0.791,0.16,0.656,1.0,6.113843362290504,-10.394480930969484,0.5190727970425714
0.545,0.791,0.134,0.694,1.0,6.019427229098344,-7.657031544863107,0.7085759796309894
0.553,0.791,0.14,0.682,1.0,10.449618948548789,-6.933219641207007,0.5249024971958712
0.561,0.791,0.158,0.68,1.0,5.5666078377988315,-7.90947092305262,0.5358579828266247
0.569,0.791,0.172,0.69,1.0,8.520694980163555,-6.388118530528411,0.5374203059160634
0.577,0.791,0.196,0.74,1.0,7.942208878403134,-7.335284063161571,0.6140451494983379
0.585,0.791,0.17,0.696,1.0,7.827147156345848,-6.152201612673425,0.31276589976369223
0.593,0.791,0.138,0.702,1.0,5.636342226116756,-14.233332994462025,0.4478349455921002
0.601,0.791,0.17,0.716,1.0,5.646813794706514,-5.85347772829358,0.4181491652253261
0.609,0.791,0.162,0.728,1.0,4.918025653499475,-6.34814954496951,0.24556502998692345
0.617,0.791,0.22,0.724,1.0,6.837236329061631,-7.7081974443009695,0.22966440954259043
0.625,0.791,0.174,0.72,1.0,5.617815308029387,-6.498166113660055,0.48318049733825025
0.633,0.791,0.168,0.722,1.0,7.451810302962061,-7.5190470289176545,0.24183546559032587
0.641,0.791,0.214,0.746,1.0,5.624805711113325,-4.940284634104334,0.2979461843958435
0.649,0.791,0.18,0.754,1.0,6.477204092304555,-9.71784441663194,0.2983154136393085
0.657,0.791,0.19,0.748,1.0,6.076121147580031,-6.025000886383291,0.30897283322355296
0.665,0.791,0.216,0.786,1.0,5.540061096559997,-4.854957775748547,0.18534874788258526
0.673,0.791,0.194,0.768,1.0,8.077579036832473,-5.635146560186957,0.16203449224709968
0.681,0.791,0.2,0.766,1.0,7.090444988399269,-5.2676354825299985,0.12785382514312124
0.689,0.791,0.166,0.75,1.0,6.315901134829314,-6.300236295801804,0.12781063294180392
0.697,0.791,0.218,0.768,1.0,5.1474083731473685,-4.9632689784506265,0.12764285873251707
0.705,0.791,0.224,0.78,1.0,5.018904571403753,-5.653471450311436,0.2050453953381191
0.713,0.791,0.206,0.784,1.0,5.977471487807261,-5.126697391920542,0.20552299102015067
0.721,0.791,0.194,0.804,1.0,6.718786416469242,-4.460469782886895,0.1592952373841593
0.729,0.791,0.256,0.812,1.0,8.74492366762191,-4.693107856803783,0.1437342499110949
0.737,0.791,0.236,0.794,1.0,4.424030476967059,-6.2329336654187015,0.06000081730666534
0.745,0.791,0.252,0.84,1.0,10.099871962747237,-5.254404128567984,0.08123796361840682
0.753,0.791,0.206,0.782,1.0,5.537714838737827,-4.777188936422408,0.0654670651422094
0.761,0.791,0.26,0.814,1.0,6.381687766897593,-3.3938606872422383,-0.017661473182821016
0.769,0.791,0.248,0.81,1.0,5.340340245857633,-4.029673334994795,-0.05134336647298104
0.777,0.791,0.282,0.832,1.0,6.878832276160055,-9.004442549713533,0.04663176385431101
0.785,0.791,0.272,0.856,1.0,4.928351728891536,-3.418898972366342,0.00947324097257351
0.793,0.791,0.318,0.844,1.0,4.334509594390115,-0.793,-0.06734852387328975
0.801,0.791,0.3,0.848,1.0,9.09406634917091,-0.801,-0.011370929500320814
0.809,0.791,0.346,0.87,1.0,4.0926401750826455,-0.809,-0.03220772650921479
0.817,0.791,0.36,0.808,1.0,4.1105232919576045,-0.817,-0.013374920085376678
0.825,0.791,0.328,0.82,1.0,4.8678543450362906,-0.825,-0.093039698250262
0.833,0.791,0.36,0.858,1.0,6.510077809222044,-0.833,-0.004196849001171916
0.841,0.791,0.346,0.87,1.0,5.266189083502309,-0.841,-0.04994895930554367
0.849,0.791,0.318,0.836,1.0,5.217071504134394,-0.849,-0.068643595111549
0.857,0.791,0.382,0.864,1.0,4.8672829652734535,-0.857,-0.07862460957612356
0.865,0.791,0.376,0.862,1.0,6.129006880381504,-0.865,-0.12116362553182111
0.873,0.791,0.41,0.874,1.0,5.913960797081879,-0.873,-0.08686212049867062
0.881,0.791,0.388,0.894,1.0,4.730290773925704,-0.881,-0.11867980951132387
0.889,0.791,0.41,0.876,1.0,5.620502141255926,-0.889,-0.14278812978599922
0.897,0.791,0.404,0.9,1.0,4.718738122170593,-0.897,-0.07198599287253014
0.905,0.791,0.414,0.878,1.0,5.8289239445317795,-0.905,-0.11426744287433595
0.913,0.791,0.382,0.88,1.0,6.1289972453228865,-0.913,-0.11585073791310312
0.921,0.791,0.404,0.882,1.0,4.569741158906238,-0.921,-0.11448222698173689
0.929,0.791,0.434,0.906,1.0,6.125799294152739,-0.929,-0.158811049794034
0.937,0.791,0.386,0.886,1.0,5.066956153905855,-0.937,-0.1559167452092603
0.945,0.791,0.436,0.884,1.0,5.818535486447269,-0.945,-0.18907143719213215
0.953,0.791,0.468,0.922,1.0,4.475288424248122,-0.953,-0.06548834704855092
0.961,0.791,0.43,0.904,1.0,3.913156483671932,-0.961,-0.17422918341268878
0.969,0.791,0.414,0.904,1.0,4.898023064564948,-0.969,-0.23029669312849743
0.977,0.791,0.456,0.926,1.0,5.045224143532032,-0.977,-0.135216628662491
0.985,0.791,0.462,0.91,1.0,4.622530644332834,-0.985,-0.20951748353769956
0.993,0.791,0.422,0.884,1.0,6.503225449650951,-0.993,-0.1688838376998924
0.001,0.799,0.026,0.13,0.24,40.367578158714544,-0.998,7.988308993383617
0.009,0.799,0.09,0.462,0.754,26.930246308381385,-8.982,14.481493351703646
0.017,0.799,0.078,0.48,0.93,22.77433415753298,-14.841000000000001,14.547834913727401
0.025,0.799,0.052,0.428,0.96,19.962614696725517,-22.575000000000003,13.082894968162202
0.033,0.799,0.054,0.38,0.964,21.57927409300291,-17.98835281654616,11.728072875148609
0.041,0.799,0.074,0.418,0.974,19.061257733722616,-11.451389859829408,11.225099658645595
0.049,0.799,0.082,0.406,0.97,18.88512058785349,-9.425057782340081,10.277141156413206
0.057,0.799,0.066,0.4,0.964,17.236428694159816,-14.968376456327714,9.314243379326225
0.065,0.799,0.068,0.442,0.962,17.518605533834666,-10.454252962717808,8.695841000928121
0.073,0.799,0.082,0.472,0.976,14.744695783436503,-20.92232913675168,8.185106553060303
0.081,0.799,0.066,0.464,0.968,16.477917195707988,-15.234632831086595,7.794245650950129
0.089,0.799,0.076,0.416,0.982,16.142620750943443,-17.163835038661183,7.35729246787159
0.097,0.799,0.078,0.484,0.98,15.190043321995367,-6.910749902150705,7.319170019890598
0.105,0.799,0.048,0.422,0.968,15.340352065792802,-16.022332128516283,6.321624421011974
0.113,0.799,0.074,0.466,0.982,13.759448596019773,-17.15917792915642,6.4101548473558365
0.121,0.799,0.076,0.476,0.976,13.619795374521862,-23.24871052104721,5.750549915648734
0.129,0.799,0.082,0.462,0.984,14.784899176908361,-14.105447752972125,5.659893897068169
0.137,0.799,0.08,0.452,0.978,13.095405936343333,-23.294860752647903,5.250903567122053
0.145,0.799,0.072,0.466,0.992,13.609517019930218,-13.827873902088374,5.313421509703372
0.153,0.799,0.058,0.454,0.99,12.05472399839821,-17.74286890212104,4.823440909376356
0.161,0.799,0.076,0.488,0.992,13.272724206852603,-8.500421611007557,4.795252532595787
0.169,0.799,0.092,0.508,0.994,12.341841004540688,-15.061142696578953,4.789924117838078
0.177,0.799,0.078,0.46,0.996,12.177799432624155,-15.930279066929174,4.167369888879462
0.185,0.799,0.074,0.492,0.996,10.47364212201299,-18.320348389181362,3.9978698702210265
0.193,0.799,0.078,0.5,0.996,12.252197594485033,-12.69549638422327,3.8686436778749305
0.201,0.799,0.088,0.496,0.996,9.724744750640122,-13.930167561524105,3.8291505861752237
0.209,0.799,0.07,0.49,0.998,12.324525931888182,-13.881605752069774,3.7777232756713364
0.217,0.799,0.098,0.512,0.996,9.972549717843007,-15.319144306853156,3.5282028102665968
0.225,0.799,0.09,0.512,1.0,9.840791577667346,-10.06498050747209,3.401805194863857
0.233,0.799,0.102,0.494,0.998,10.805321148899285,-13.433207366276383,3.269677347830437
0.241,0.799,0.072,0.528,1.0,9.371216288696344,-11.322573134981655,3.057117144388783
0.249,0.799,0.09,0.47,1.0,10.170190748574766,-11.518525065555238,3.100811871017923
0.257,0.799,0.09,0.498,1.0,9.785337519878926,-8.905593146648176,2.7856684014405673
0.265,0.799,0.094,0.496,0.998,8.885461166216773,-12.764244325479403,2.59831107494215
0.273,0.799,0.12,0.556,1.0,9.489920417470616,-10.945033477711952,2.8930038672995737
0.281,0.799,0.1,0.54,0.998,8.135477889419635,-13.877634430876427,2.871106156274015
0.289,0.799,0.096,0.53,1.0,11.284639016420705,-12.24650016414817,2.7095102751301607
0.297,0.799,0.102,0.544,1.0,7.912077708640913,-9.585897094961005,2.1322110910978154
0.305,0.799,0.106,0.532,1.0,9.149603486139895,-6.594951665455721,2.4212955289426294
0.313,0.799,0.084,0.566,1.0,13.412587955742998,-7.497596698252247,2.3259151054810085
0.321,0.799,0.094,0.54,1.0,8.488995821719755,-8.313574594900578,2.1644518257256866
0.329,0.799,0.096,0.538,1.0,8.321799934105531,-7.6883295936846165,2.0437674207167857
0.337,0.799,0.138,0.608,1.0,9.778712895991546,-11.27596262121493,2.0811974533934308
0.345,0.799,0.122,0.586,1.0,7.392720365685512,-10.900317940532966,1.8678726973788549
0.353,0.799,0.08,0.552,1.0,8.225184145870777,-8.937140723811696,1.8523167591721683
0.361,0.799,0.128,0.596,1.0,8.97768169977614,-16.930800947701954,1.6127518127430742
0.369,0.799,0.13,0.584,1.0,8.072105551221462,-9.435443426814059,1.8381929112776978
0.377,0.799,0.088,0.576,1.0,7.90575476792065,-14.145296596662304,1.5659835466167307
0.385,0.799,0.122,0.582,1.0,6.882197550659017,-10.200175677351496,1.4178548326530516
0.393,0.799,0.12,0.562,1.0,8.039951092279916,-9.57714982100782,1.5545321481605834
0.401,0.799,0.122,0.58,1.0,11.100443559979404,-7.976110391430252,1.4167834845228162
0.409,0.799,0.1,0.596,1.0,7.569581978401454,-12.86408067741695,1.3868774795932728
0.417,0.799,0.134,0.612,1.0,6.85695946647853,-10.620012339461391,1.3936871476741568
0.425,0.799,0.118,0.582,1.0,8.261832698117514,-15.034465716277424,1.2231033664311401
0.433,0.799,0.13,0.608,1.0,7.457932462786534,-10.54147115191913,1.2356419529121938
0.441,0.799,0.116,0.668,1.0,9.632351264716124,-10.082478915967833,1.2374868655365494
0.449,0.799,0.132,0.582,1.0,8.332769093074162,-9.107673572044177,1.1011331062569751
0.457,0.799,0.118,0.602,1.0,7.292371702975829,-9.733459119914716,1.0403923630269745
0.465,0.799,0.132,0.616,1.0,9.09428749317442,-8.837120819275771,1.0723329252981482
0.473,0.799,0.128,0.626,1.0,8.141362885070729,-7.748111483907328,1.0387100729866396
0.481,0.799,0.14,0.614,1.0,9.305212049903737,-8.252791305121393,1.002595704790122
0.489,0.799,0.152,0.634,1.0,8.053685437013195,-8.387233266709611,0.9440395702040799
0.497,0.799,0.17,0.684,1.0,7.162558519109364,-6.502889340948346,0.9715524950455248
0.505,0.799,0.148,0.676,1.0,7.116856785027443,-8.150457385676473,0.8257608446422967
0.513,0.799,0.13,0.644,1.0,8.128066066710142,-7.467386662215954,0.7970667693410687
0.521,0.799,0.154,0.652,1.0,6.213535425111624,-10.266326834310167,0.7725088147290594
0.529,0.799,0.154,0.638,1.0,7.468054832899835,-6.058447156964376,0.629959216682673
0.537,0.799,0.132,0.702,1.0,5.265106222882401,-7.6221466995897496,0.6213319662090199
0.545,0.799,0.148,0.678,1.0,5.167683490434517,-8.07280640262563,0.5424950454211441
0.553,0.799,0.154,0.67,1.0,7.054626792277066,-12.018394404082386,0.631054516471818
0.561,0.799,0.188,0.694,1.0,8.369191799880085,-5.7783357621778,0.6217392136918001
0.569,0.799,0.164,0.724,1.0,5.4050846556402306,-7.3943789884947275,0.6886565975814389
0.577,0.799,0.166,0.716,1.0,7.305287028756978,-6.75817301259279,0.6165858632877245
0.585,0.799,0.164,0.698,1.0,5.75278030614156,-10.036708859482143,0.4746496367546933
0.593,0.799,0.182,0.692,1.0,8.74387745171996,-6.012064761147446,0.4737229368785732
0.601,0.799,0.156,0.672,0.998,6.7217268357712365,-6.2908903718310265,0.33463261811484446
0.609,0.799,0.164,0.706,1.0,5.755156849122363,-7.5780187390781935,0.4194938554659478
0.617,0.799,0.186,0.71,1.0,9.719985887181853,-6.29335072417638,0.4028246963764504
0.625,0.799,0.156,0.704,1.0,6.547965293256822,-6.043040564102453,0.32918563681518204
0.633,0.799,0.184,0.724,1.0,7.231444659250606,-5.794300984894409,0.4128028101235065
0.641,0.799,0.194,0.732,1.0,7.288034149192068,-6.505683154057273,0.28590320271132635
0.649,0.799,0.176,0.752,1.0,7.4559519153619815,-5.973636616155999,0.38491038332439964
0.657,0.799,0.194,0.722,1.0,6.776780251746999,-7.455057894897377,0.3397909355466428
0.665,0.799,0.184,0.756,1.0,5.155281346736163,-6.393253185575894,0.3275642366900548
0.673,0.799,0.16,0.788,1.0,6.185673816336007,-7.1646198574804085,0.11319893636213599
0.681,0.799,0.158,0.708,1.0,5.964285243986094,-7.664033251291821,0.2526842560251853
0.689,0.799,0.178,0.726,1.0,4.427550201765321,-5.829867857352607,0.1272155132147228
0.697,0.799,0.194,0.73,1.0,4.60490150771029,-3.453741810511885,0.17827206852538843
0.705,0.799,0.19,0.756,1.0,5.015813090985661,-4.910359869374046,0.2481836867522783
0.713,0.799,0.2,0.756,1.0,7.417677326861161,-4.625403877046294,0.176244777259743
0.721,0.799,0.226,0.784,1.0,7.339750016750957,-4.499439319751442,0.22133243327436783
0.729,0.799,0.222,0.808,1.0,3.7046844755965327,-5.859870796208338,0.08611559578900836
0.737,0.799,0.218,0.762,1.0,7.228424620703132,-5.023217600164693,-0.0011571409571657716
0.745,0.799,0.208,0.794,1.0,6.922149262139612,-5.325190820596783,0.08454270935667613
0.753,0.799,0.252,0.794,1.0,5.133596601431703,-3.6055239177791156,-0.015377798507101182
0.761,0.799,0.208,0.796,1.0,6.9695684901685535,-3.3185293851391564,0.0365376117132025
0.769,0.799,0.238,0.792,1.0,4.395613688059705,-3.8141423012457043,-0.07974578521493089
0.777,0.799,0.244,0.826,1.0,4.993264149426018,-3.606000541037175,0.012745428484299819
0.785,0.799,0.276,0.796,1.0,6.378391416162697,-3.2771126629629697,0.0005063418122730896
0.793,0.799,0.23,0.82,1.0,5.5486639099139055,-3.7323349090958957,0.013255537140725353
0.801,0.799,0.278,0.826,1.0,5.261860749631976,-0.801,-0.0061580469686039856
0.809,0.799,0.27,0.832,1.0,7.64494905031703,-0.809,0.043227814396386934
0.817,0.799,0.308,0.824,1.0,5.948834778275795,-0.817,0.11168686016922148
0.825,0.799,0.32,0.856,1.0,7.897614083977012,-0.825,0.03192762457117717
0.833,0.799,0.306,0.824,1.0,4.822588012096052,-0.833,-0.06313523879455948
0.841,0.799,0.314,0.854,1.0,8.1473191481079,-0.841,-0.08244037856726831
0.849,0.799,0.324,0.82,1.0,5.849022704599904,-0.849,-0.08056136268715407
0.857,0.799,0.332,0.856,1.0,3.854546352918275,-0.857,-0.133808428784726
0.865,0.799,0.374,0.838,1.0,6.603719059077301,-0.865,-0.05771601237124078
0.873,0.799,0.342,0.822,1.0,8.001273121474295,-0.873,-0.04664480299988951
0.881,0.799,0.358,0.878,1.0,6.715325672660893,-0.881,-0.041901045131727696
0.889,0.799,0.364,0.89,1.0,4.937448020186828,-0.889,-0.10215064077519746
0.897,0.799,0.382,0.884,1.0,5.703936017194468,-0.897,-0.0944494324029995
0.905,0.799,0.382,0.862,1.0,5.813739771165282,-0.905,-0.03210002193253074
0.913,0.799,0.38,0.848,1.0,5.681547179881164,-0.913,-0.12062875829622713
0.921,0.799,0.36,0.894,1.0,4.199188834778653,-0.921,-0.16747948175709193
0.929,0.799,0.474,0.92,1.0,5.8340435151807455,-0.929,-0.11688326133661446
0.937,0.799,0.416,0.902,1.0,5.183573576491654,-0.937,-0.14245979105795295
0.945,0.799,0.424,0.9,1.0,5.311045256669142,-0.945,-0.1159053476295172
0.953,0.799,0.454,0.894,1.0,6.521936202643038,-0.953,-0.12121997059948314
0.961,0.799,0.436,0.908,1.0,6.738997608207086,-0.961,-0.07764085789584906
0.969,0.799,0.466,0.926,1.0,4.959830502796152,-0.969,-0.21864978235249444
0.977,0.799,0.396,0.908,1.0,4.38779719362704,-0.977,-0.2558151682031675
0.985,0.799,0.428,0.906,1.0,6.75852931206715,-0.985,-0.19549134510593505
0.993,0.799,0.438,0.9,1.0,4.867171295485944,-0.993,-0.26782400419936947
0.001,0.807,0.028,0.106,0.246,39.1307550859524,-0.995,7.542206580487432
0.009,0.807,0.07,0.434,0.73,27.562355221602505,-8.811,14.507649716420506
0.017,0.807,0.062,0.43,0.9,23.011967757182244,-16.2895896179538,14.438335045643193
0.025,0.807,0.052,0.404,0.95,23.732872054438968,-19.40189491161963,13.553922535641036
0.033,0.807,0.05,0.412,0.952,19.12513720127476,-27.721193001107284,12.160901462732467
0.041,0.807,0.054,0.414,0.97,21.398840768961968,-12.392041514452508,11.652367409732197
0.049,0.807,0.03,0.372,0.96,18.50330223987837,-22.181713779255336,10.524875167526055
0.057,0.807,0.06,0.446,0.974,19.055184175735278,-18.989692437929335,9.856636577385391
0.065,0.807,0.066,0.41,0.964,17.719923488552997,-8.607044896456728,9.295362233806939
0.073,0.807,0.06,0.418,0.966,16.550607276900973,-23.64583658480204,8.599824652013488
0.081,0.807,0.066,0.434,0.97,15.131187530390312,-12.046547294607764,8.089992505225396
0.089,0.807,0.084,0.434,0.982,14.946010758927258,-10.382596524869538,7.949474105299315
0.097,0.807,0.06,0.406,0.972,14.938195927629675,-29.08267983900114,6.991126107888232
0.105,0.807,0.09,0.442,0.98,13.958990636105836,-17.647274272459146,6.964416601086786
0.113,0.807,0.104,0.468,0.978,17.39241180426886,-24.85618279213674,6.592788843645446
0.121,0.807,0.082,0.466,0.978,14.501459256345719,-12.180911550800323,6.140829369845398
0.129,0.807,0.086,0.454,0.98,12.255643895660342,-20.643444401493696,6.087663408051052
0.137,0.807,0.064,0.444,0.98,13.710019987561829,-16.098927622043725,5.763229117952462
0.145,0.807,0.062,0.466,0.99,11.526867644335697,-25.38813698579047,5.460645584235197
0.153,0.807,0.044,0.458,0.98,12.368925674984167,-14.990367034652454,5.1966028882096955
0.161,0.807,0.07,0.434,0.994,11.123646482085755,-15.270487129157111,5.109159317573011
0.169,0.807,0.052,0.448,0.99,10.988715961553687,-10.690346310629415,4.785342118554265
0.177,0.807,0.076,0.49,0.994,12.744988271617524,-11.199186615891245,4.708646647446107
0.185,0.807,0.078,0.464,0.99,13.381989190573368,-22.086643631885103,4.31366005479428
0.193,0.807,0.07,0.446,0.992,11.906749047498282,-18.112376032529745,4.2155998383947315
0.201,0.807,0.064,0.446,0.994,10.101909527768372,-26.483399799042374,3.7650701131408106
0.209,0.807,0.066,0.502,0.996,10.851417781664777,-24.030832494534863,4.1147749125636786
0.217,0.807,0.092,0.52,1.0,10.275800117711782,-13.578931934109137,3.9008263987758824
0.225,0.807,0.072,0.478,0.998,11.584354865227313,-14.405181265331288,3.5994761106454507
0.233,0.807,0.102,0.5,0.996,9.864166864328693,-11.98707251085328,3.308814049470283
0.241,0.807,0.064,0.482,0.996,11.857298236287555,-14.834789522794772,3.2650058423689012
0.249,0.807,0.088,0.494,1.0,15.75340644664318,-11.198765288016622,3.29390344961014
0.257,0.807,0.088,0.514,0.998,12.51594559312197,-16.605577950604747,3.1592981174854704
0.265,0.807,0.094,0.524,1.0,10.073469154367098,-14.452998831464397,3.024373334170247
0.273,0.807,0.094,0.51,1.0,10.404431966768223,-12.496559141292206,2.8800997198612532
0.281,0.807,0.08,0.49,1.0,11.614728065818412,-11.297126720070692,2.7810309941955693
0.289,0.807,0.092,0.482,1.0,9.66163211250018,-11.533564509350489,2.5988322068264473
0.297,0.807,0.072,0.492,0.994,9.874469729199522,-20.96147766173679,2.518233973008288
0.305,0.807,0.104,0.548,1.0,9.814022124393883,-10.852991219703322,2.4468289056553205
0.313,0.807,0.076,0.498,1.0,10.649954876262543,-12.63070011147721,2.2342233554713613
0.321,0.807,0.1,0.542,1.0,10.00850776056199,-11.05013573885833,2.402122159521273
0.329,0.807,0.098,0.54,1.0,9.400073023073936,-12.726498145749105,2.3388373813909813
0.337,0.807,0.092,0.504,1.0,7.5373512241260245,-14.395148148596931,2.0519637723842874
0.345,0.807,0.12,0.54,1.0,8.72888358098551,-12.761304873164175,2.209887659404558
0.353,0.807,0.096,0.516,1.0,12.125647905494883,-11.577366356834773,1.701158581489861
0.361,0.807,0.122,0.56,1.0,7.2413832013040835,-11.997959782529932,1.9446933664621515
0.369,0.807,0.1,0.516,1.0,7.467798014986515,-17.73131571904441,1.729641664300626
0.377,0.807,0.092,0.536,1.0,8.885126797771179,-12.290391651797616,1.6716891918568921
0.385,0.807,0.102,0.566,1.0,9.70625687069355,-11.052455336359255,1.7289538216557643
0.393,0.807,0.134,0.578,1.0,7.303403822348626,-8.408622994701947,1.7810148738365426
0.401,0.807,0.116,0.554,1.0,7.576016803209205,-10.65593295166358,1.3523833489966222
0.409,0.807,0.096,0.552,1.0,10.4064928126618,-11.29764017670886,1.508675988053847
0.417,0.807,0.124,0.568,1.0,10.544530249015564,-9.275247863638645,1.3366262216783644
0.425,0.807,0.116,0.566,1.0,8.444533444562255,-11.7771424908128,1.392838808812956
0.433,0.807,0.108,0.606,1.0,7.3526502089367725,-11.885307757032892,1.3201247796308733
0.441,0.807,0.12,0.604,1.0,7.838193831162333,-15.246095395034537,1.3253245363757502
0.449,0.807,0.128,0.624,1.0,8.190411815691707,-8.36456712230277,1.2329206947140052
0.457,0.807,0.102,0.586,1.0,7.947511993377807,-13.096583144321112,1.128983060306908
0.465,0.807,0.106,0.572,1.0,9.170137087192662,-10.83008682808656,0.9614059176751463
0.473,0.807,0.114,0.596,1.0,7.633093991961523,-7.817101415839785,0.8982530593350584
0.481,0.807,0.13,0.628,1.0,8.506768032841261,-9.293351692415657,1.0116663014537735
0.489,0.807,0.12,0.648,1.0,9.347421829141613,-9.211660530140708,0.9562929880141893
0.497,0.807,0.136,0.648,1.0,7.191440767392923,-8.854469053326449,0.9497728854780366
0.505,0.807,0.116,0.622,1.0,7.37666025135575,-10.553993686525757,0.799611995959454
0.513,0.807,0.132,0.612,1.0,8.49916008077938,-8.041190997220294,0.9121719256676948
0.521,0.807,0.146,0.628,1.0,7.503997550659262,-6.430807652003653,0.8052683701521497
0.529,0.807,0.162,0.608,1.0,6.122895954590858,-8.84695220863428,0.816230610320766
0.537,0.807,0.136,0.65,1.0,7.14603646744828,-7.6624942082613785,0.6659044893742686
0.545,0.807,0.166,0.678,1.0,8.404956124875822,-10.177090509526064,0.6191826508413955
0.553,0.807,0.178,0.69,1.0,6.865947078023713,-10.11632825413026,0.7405584420424461
0.561,0.807,0.14,0.632,1.0,9.442657338121862,-9.72393646834675,0.4763357969729922
0.569,0.807,0.166,0.654,1.0,6.448366342613042,-9.005049559700435,0.5961125871737547
0.577,0.807,0.138,0.634,1.0,6.099898181937425,-8.51084954368872,0.4848596125330065
0.585,0.807,0.144,0.642,1.0,7.8598570768121645,-8.990642476438707,0.602665971154308
0.593,0.807,0.15,0.706,1.0,6.949040997361717,-4.701742084120374,0.6658980702321715
0.601,0.807,0.182,0.714,1.0,5.80473183504046,-6.056916512458635,0.6474333892435074
0.609,0.807,0.172,0.676,1.0,5.883064350368921,-5.338149564012466,0.47225423485414414
0.617,0.807,0.162,0.692,1.0,5.4718632105695635,-6.168207382095394,0.42661712653270206
0.625,0.807,0.18,0.72,1.0,7.562170367954819,-10.547728997921752,0.4276585297340665
0.633,0.807,0.174,0.682,1.0,6.592912165752986,-7.09873849380447,0.3159721696785798
0.641,0.807,0.19,0.76,1.0,5.913011802661604,-6.4896564419785445,0.3440953668265808
0.649,0.807,0.154,0.698,1.0,5.882253979497946,-6.63411753115963,0.3368627926931318
0.657,0.807,0.176,0.682,1.0,5.54031390145522,-5.429630495468635,0.27794077039153037
0.665,0.807,0.186,0.74,1.0,5.832552529613544,-4.461250394954998,0.3162417066330729
0.673,0.807,0.178,0.752,1.0,5.447517182906337,-5.723437337366943,0.3683854068747559
0.681,0.807,0.21,0.692,1.0,3.8658644425910893,-4.767286353146172,0.20825122254189854
0.689,0.807,0.206,0.744,1.0,6.702599409384083,-5.288756742377162,0.27325111691986714
0.697,0.807,0.204,0.768,1.0,5.16042730443795,-6.90081325299715,0.23690540560040504
0.705,0.807,0.194,0.782,1.0,6.3340655565684365,-4.194924070982434,0.11277520280725294
0.713,0.807,0.18,0.744,1.0,4.728039142662053,-4.947607114517098,0.1005225901401805
0.721,0.807,0.23,0.78,1.0,10.823153686602488,-6.9001283144092245,0.12352520372568083
0.729,0.807,0.186,0.748,1.0,5.927181446480091,-4.536474067564451,0.053631104884519255
0.737,0.807,0.21,0.764,1.0,3.572668582411093,-4.829389408868623,0.13453465544109303
0.745,0.807,0.212,0.77,1.0,7.3205441700554195,-4.299607128578382,0.1560403424772289
0.753,0.807,0.242,0.782,1.0,7.947214600665751,-4.088407840572974,0.13051238316803473
0.761,0.807,0.22,0.778,1.0,7.836374386283684,-6.054433164534276,0.12484076104740364
0.769,0.807,0.264,0.78,1.0,6.209962634896171,-4.104378441830993,0.09235711876977959
0.777,0.807,0.25,0.826,1.0,5.655262543066794,-3.501158563687584,-0.11293385823824849
0.785,0.807,0.26,0.804,1.0,5.424091342910901,-4.444437994185632,0.1174149547739752
0.793,0.807,0.246,0.826,1.0,5.646597009902137,-3.5375650840971926,0.06376198891101933
0.801,0.807,0.27,0.79,1.0,6.227232715291564,-2.9327840588607925,0.05896638998921195
0.809,0.807,0.298,0.84,1.0,5.429070003317452,-0.809,-0.010227802101983733
0.817,0.807,0.322,0.834,1.0,7.671357430703113,-0.817,0.018345189624264135
0.825,0.807,0.292,0.814,1.0,4.423920326840432,-0.825,0.005332542849170432
0.833,0.807,0.268,0.818,1.0,7.595720625127408,-0.833,-0.0036797841776417257
0.841,0.807,0.308,0.828,1.0,7.257423105097822,-0.841,-0.007992945924532171
0.849,0.807,0.32,0.838,1.0,7.055020517547215,-0.849,0.010073119128628428
0.857,0.807,0.322,0.844,1.0,3.941818561726378,-0.857,-0.01744996587379766
0.865,0.807,0.328,0.826,1.0,6.059598524751073,-0.865,-0.01507907811060441
0.873,0.807,0.358,0.852,1.0,5.1811592083366165,-0.873,-0.04117636662223314
0.881,0.807,0.368,0.876,1.0,7.069316419602848,-0.881,-0.06464116275514396
0.889,0.807,0.372,0.846,1.0,6.979697205804246,-0.889,-0.0862057842000463
0.897,0.807,0.328,0.85,1.0,4.5194565148396375,-0.897,-0.12035186761995076
0.905,0.807,0.364,0.844,1.0,9.745443544767864,-0.905,-0.0274009435880574
0.913,0.807,0.394,0.862,1.0,6.638386919701279,-0.913,-0.05360470938647631
0.921,0.807,0.376,0.898,1.0,6.385748788336986,-0.921,-0.08863530267489857
0.929,0.807,0.436,0.89,1.0,4.99191710161859,-0.929,-0.1003572456285851
0.937,0.807,0.4,0.856,1.0,6.236477690036796,-0.937,-0.05665717208287603
0.945,0.807,0.384,0.872,1.0,4.315613007629712,-0.945,-0.17663369519776692
0.953,0.807,0.396,0.894,1.0,4.6524234377190155,-0.953,-0.1484535648677046
0.961,0.807,0.4,0.864,1.0,6.715575446609221,-0.961,-0.11504204187718475
0.969,0.807,0.36,0.902,1.0,5.671670440191158,-0.969,-0.135021898312895
0.977,0.807,0.422,0.894,1.0,6.301102142611637,-0.977,-0.19853435549719517
0.985,0.807,0.466,0.904,1.0,9.312768180116693,-0.985,-0.26798924846366434
0.993,0.807,0.43,0.904,1.0,4.821679346393079,-0.993,-0.1664434643689911
